ID,train_number,planned_arrival,planned_departure,planned_platform,planned_status,category_train,train,path,eva_nr,station_name,station_state,station_city,station_zipcode,station_long,station_lat,station_category,changed_arrival,changed_platform_arrival,changed_departure,changed_platform_departure,message_status,priority,info,arrival_hidden,departure_hidden,arrival_path,departure_path,arrival_status,departure_status,arrival_delay_m,departure_delay_m
-8267403812465371348-2512210116-24,7182,2512210220,2512210220,4,,S,S1,Herrenberg|Nufringen|Gärtringen|Ehningen(b Böblingen)|Hulb|Böblingen|Goldberg(Württ)|Stuttgart-Rohr|Stuttgart-Vaihingen|Stuttgart-Österfeld|Stuttgart Universität|Stuttgart Schwabstr.|Stuttgart Feuersee|Stuttgart Stadtmitte|Stuttgart Hbf (tief)|Stuttgart-Bad Cannstatt|Stuttgart Neckarpark|Stuttgart-Untertürkheim|Stuttgart-Obertürkheim|Esslingen-Mettingen|Esslingen(Neckar)|Oberesslingen|Esslingen-Zell,8000508,Altbach,Baden-Württemberg,Altbach,73776,9.382434033,48.72031354,3,2512210220,,2512210221,,h,2,Bauarbeiten,,,,,,,0.0,1.0
-75170759467778659-2512210220-6,7185,2512210240,2512210240,3,,S,S1,Kirchheim(Teck)|Kirchheim(Teck)-Ötlingen|Wendlingen(Neckar)|Wernau(Neckar)|Plochingen,8000508,Altbach,Baden-Württemberg,Altbach,73776,9.382434033,48.72031354,3,2512210240,,2512210241,,,,,,,,,,,0.0,1.0
1519240211959847652-2512210222-10,7584,2512210247,2512210247,4,,S,S5,Stuttgart Schwabstr.|Stuttgart Feuersee|Stuttgart Stadtmitte|Stuttgart Hbf (tief)|Stuttgart Nordbahnhof|Stuttgart-Feuerbach|Stuttgart-Zuffenhausen|Kornwestheim Pbf|Ludwigsburg,8000630,Asperg,Baden-Württemberg,Asperg,71679,9.147977466,48.90725609,4,2512210247,,2512210247,,,,,,,,,,,0.0,0.0
-7782036708032698312-2512210207-3,7583,2512210212,2512210213,3,,S,S5,Bietigheim-Bissingen|Tamm(Württ),8000630,Asperg,Baden-Württemberg,Asperg,71679,9.147977466,48.90725609,4,2512210213,,2512210213,,,,,,,,,,,1.0,0.0
-1607524350966311032-2512210227-8,7382,2512210248,,5,,S,,Fellbach|Waiblingen|Neustadt-Hohenacker|Schwaikheim|Winnenden|Nellmersbach|Maubach,8000016,Backnang,Baden-Württemberg,Backnang,71522,9.425986107,48.94264844,3,2512210250,,,,h,1,Bauarbeiten,,,,,,,2.0,0.0
1238772450296409647-2512210147-8,17500,2512210220,2512210221,4,,RB,MEX19,Schwäbisch Hall-Hessental|Gaildorf West|Fichtenberg|Fornsbach|Murrhardt|Sulzbach(Murr)|Oppenweiler(Württ),8000016,Backnang,Baden-Württemberg,Backnang,71522,9.425986107,48.94264844,3,2512210220,,2512210222,,,,,,,,,,,0.0,1.0
-2211095563162905186-2512210211-1,7383,,2512210211,,,S,S3,,8000016,Backnang,Baden-Württemberg,Backnang,71522,9.425986107,48.94264844,3,,,2512210211,,h,1,Bauarbeiten,,,,,,,0.0,0.0
1351403289048253889-2512210225-2,7483,2512210227,2512210227,2,,S,S4,Marbach(Neckar),8000873,Benningen (Neckar),Baden-Württemberg,Benningen am Neckar,71726,9.244299075,48.94379773,5,2512210227,,2512210227,,,,,,,,,,,0.0,0.0
888212345087117061-2512210202-12,7480,2512210232,2512210233,1,,S,S4,Stuttgart Schwabstr.|Stuttgart Feuersee|Stuttgart Stadtmitte|Stuttgart Hbf (tief)|Stuttgart Nordbahnhof|Stuttgart-Feuerbach|Stuttgart-Zuffenhausen|Kornwestheim Pbf|Ludwigsburg|Favoritepark|Freiberg(Neckar),8000873,Benningen (Neckar),Baden-Württemberg,Benningen am Neckar,71726,9.244299075,48.94379773,5,2512210233,,2512210233,,,,,,,,,,,1.0,0.0
-4298679149576043002-2512210148-6,7285,2512210200,2512210200,2,,S,S2,Schorndorf|Weiler(Rems)|Winterbach(b Schorndorf)|Geradstetten|Grunbach,8000934,Beutelsbach,Baden-Württemberg,Weinstadt,71384,9.38551589,48.81038925,5,2512210201,,2512210201,,h,1,Bauarbeiten,,,,,,,1.0,1.0
2065810975410014282-2512210250-5,7282,2512210258,2512210258,1,,S,S2,Waiblingen|Rommelshausen|Stetten-Beinstein|Endersbach,8000934,Beutelsbach,Baden-Württemberg,Weinstadt,71384,9.38551589,48.81038925,5,2512210258,,2512210258,,h,1,Bauarbeiten,,,,,,,0.0,0.0
1519240211959847652-2512210222-12,7584,2512210254,,5,,S,,Stuttgart Schwabstr.|Stuttgart Feuersee|Stuttgart Stadtmitte|Stuttgart Hbf (tief)|Stuttgart Nordbahnhof|Stuttgart-Feuerbach|Stuttgart-Zuffenhausen|Kornwestheim Pbf|Ludwigsburg|Asperg|Tamm(Württ),8000038,Bietigheim-Bissingen,Baden-Württemberg,Bietigheim-Bissingen,74321,9.137217396,48.94794988,2,2512210254,,,,,,,,,,,,,0.0,0.0
-4559105305491250897-2512210104-13,19252,2512210226,2512210227,10,,RE,MEX12,Tübingen Hbf|Reutlingen Hbf|Metzingen(Württ)|Bempflingen|Nürtingen|Oberboihingen|Wendlingen(Neckar)|Plochingen|Esslingen(Neckar)|Stuttgart-Bad Cannstatt|Stuttgart Hbf|Ludwigsburg,8000038,Bietigheim-Bissingen,Baden-Württemberg,Bietigheim-Bissingen,74321,9.137217396,48.94794988,2,2512210227,,2512210228,,,,,,,,,,,1.0,1.0
3934211858171778296-2512210207-3,19536,2512210223,2512210224,7,,RE,MEX17,Stuttgart Hbf|Ludwigsburg,8000038,Bietigheim-Bissingen,Baden-Württemberg,Bietigheim-Bissingen,74321,9.137217396,48.94794988,2,2512210224,,2512210225,,,,,,,,,,,1.0,1.0
-7782036708032698312-2512210207-1,7583,,2512210207,,,S,S5,,8000038,Bietigheim-Bissingen,Baden-Württemberg,Bietigheim-Bissingen,74321,9.137217396,48.94794988,2,,,2512210207,,,,,,,,,,,0.0,0.0
2697439683828861472-2512210216-6,7184,2512210230,2512210230,3,,S,S1,Herrenberg|Nufringen|Gärtringen|Ehningen(b Böblingen)|Hulb,8001055,Böblingen,Baden-Württemberg,Böblingen,71034,9.004531864,48.68784871,3,2512210231,,2512210232,,h,2,Bauarbeiten,,,,,,,1.0,2.0
1154924216963206741-2512210234-1,7083,,2512210234,,,S,S60,,8001055,Böblingen,Baden-Württemberg,Böblingen,71034,9.004531864,48.68784871,3,,,2512210234,,,,,,,,,,,0.0,0.0
275410206223352690-2512210209-7,7082,2512210226,,5,,S,,Renningen|Renningen Süd|Magstadt|Maichingen Nord|Maichingen|Sindelfingen,8001055,Böblingen,Baden-Württemberg,Böblingen,71034,9.004531864,48.68784871,3,2512210226,,,,,,,,,,,,,0.0,0.0
-6636252286453561319-2512210120-24,7183,2512210229,2512210229,4,,S,S1,Kirchheim(Teck)|Kirchheim(Teck)-Ötlingen|Wendlingen(Neckar)|Wernau(Neckar)|Plochingen|Altbach|Esslingen-Zell|Oberesslingen|Esslingen(Neckar)|Esslingen-Mettingen|Stuttgart-Obertürkheim|Stuttgart-Untertürkheim|Stuttgart Neckarpark|Stuttgart-Bad Cannstatt|Stuttgart Hbf (tief)|Stuttgart Stadtmitte|Stuttgart Feuersee|Stuttgart Schwabstr.|Stuttgart Universität|Stuttgart-Österfeld|Stuttgart-Vaihingen|Stuttgart-Rohr|Goldberg(Württ),8001055,Böblingen,Baden-Württemberg,Böblingen,71034,9.004531864,48.68784871,3,2512210229,,2512210230,,,,,,,,,,,0.0,1.0
-4499153358927255135-2512210212-11,7682,2512210236,2512210236,2,,S,S6,Stuttgart Schwabstr.|Stuttgart Feuersee|Stuttgart Stadtmitte|Stuttgart Hbf (tief)|Stuttgart Nordbahnhof|Stuttgart-Feuerbach|Stuttgart-Zuffenhausen|Neuwirtshaus(Porscheplatz)|Korntal|Weilimdorf,8001476,Ditzingen,Baden-Württemberg,Ditzingen,71254,9.067095186,48.82358726,4,2512210236,,2512210236,,,,,,,,,,,0.0,0.0
5609678114939549359-2512210203-7,7683,2512210224,2512210224,3,,S,S6,Weil der Stadt|Malmsheim|Renningen|Rutesheim|Leonberg|Höfingen,8001476,Ditzingen,Baden-Württemberg,Ditzingen,71254,9.067095186,48.82358726,4,2512210224,,2512210224,,,,,,,,,,,0.0,0.0
6659304255335064233-2512210221-12,7295,2512210249,2512210250,1,,S,S2,Stuttgart-Bad Cannstatt|Stuttgart Hbf (tief)|Stuttgart Stadtmitte|Stuttgart Feuersee|Stuttgart Schwabstr.|Stuttgart Universität|Stuttgart-Österfeld|Stuttgart-Vaihingen|Stuttgart-Rohr|Oberaichen|Leinfelden,8001650,Echterdingen,Baden-Württemberg,Echterdingen,70771,9.169307175,48.69214787,4,2512210249,,2512210250,,,,,,,,,,,0.0,0.0
1376177746027412619-2512210203-3,7292,2512210210,2512210210,2,,S,S2,Filderstadt|Stuttgart Flughafen/Messe,8001650,Echterdingen,Baden-Württemberg,Echterdingen,70771,9.169307175,48.69214787,4,2512210210,,2512210210,,,,,,,,,,,0.0,0.0
2697439683828861472-2512210216-4,7184,2512210225,2512210225,1,,S,S1,Herrenberg|Nufringen|Gärtringen,8001689,Ehningen (b Böblingen),Baden-Württemberg,Ehningen,71139,8.944310368,48.66275549,4,2512210225,,2512210226,,h,2,Bauarbeiten,,,,,,,0.0,1.0
-6636252286453561319-2512210120-26,7183,2512210234,2512210234,2,,S,S1,Kirchheim(Teck)|Kirchheim(Teck)-Ötlingen|Wendlingen(Neckar)|Wernau(Neckar)|Plochingen|Altbach|Esslingen-Zell|Oberesslingen|Esslingen(Neckar)|Esslingen-Mettingen|Stuttgart-Obertürkheim|Stuttgart-Untertürkheim|Stuttgart Neckarpark|Stuttgart-Bad Cannstatt|Stuttgart Hbf (tief)|Stuttgart Stadtmitte|Stuttgart Feuersee|Stuttgart Schwabstr.|Stuttgart Universität|Stuttgart-Österfeld|Stuttgart-Vaihingen|Stuttgart-Rohr|Goldberg(Württ)|Böblingen|Hulb,8001689,Ehningen (b Böblingen),Baden-Württemberg,Ehningen,71139,8.944310368,48.66275549,4,2512210234,,2512210235,,,,,,,,,,,0.0,1.0
-4298679149576043002-2512210148-7,7285,2512210202,2512210202,3,,S,S2,Schorndorf|Weiler(Rems)|Winterbach(b Schorndorf)|Geradstetten|Grunbach|Beutelsbach,8001785,Endersbach,Baden-Württemberg,Weinstadt,71384,9.370192421,48.81317323,4,2512210203,,2512210203,,h,1,Bauarbeiten,,,,,,,1.0,1.0
2065810975410014282-2512210250-4,7282,2512210256,2512210256,2,,S,S2,Waiblingen|Rommelshausen|Stetten-Beinstein,8001785,Endersbach,Baden-Württemberg,Weinstadt,71384,9.370192421,48.81317323,4,2512210256,,2512210257,,h,1,Bauarbeiten,,,,,,,0.0,1.0
-977433553791721432-2512210111-11,19257,2512210220,2512210220,5,,RE,MEX12,Heilbronn Hbf|Nordheim(Württ)|Lauffen(Neckar)|Kirchheim(Neckar)|Walheim(Württ)|Besigheim|Bietigheim-Bissingen|Ludwigsburg|Stuttgart Hbf|Stuttgart-Bad Cannstatt,8001920,Esslingen (Neckar),Baden-Württemberg,Esslingen am Neckar,73728,9.300578149,48.73854148,3,2512210221,8,2512210221,8,,,,,,,,,,1.0,1.0
-8267403812465371348-2512210116-21,7182,2512210212,2512210213,7,,S,S1,Herrenberg|Nufringen|Gärtringen|Ehningen(b Böblingen)|Hulb|Böblingen|Goldberg(Württ)|Stuttgart-Rohr|Stuttgart-Vaihingen|Stuttgart-Österfeld|Stuttgart Universität|Stuttgart Schwabstr.|Stuttgart Feuersee|Stuttgart Stadtmitte|Stuttgart Hbf (tief)|Stuttgart-Bad Cannstatt|Stuttgart Neckarpark|Stuttgart-Untertürkheim|Stuttgart-Obertürkheim|Esslingen-Mettingen,8001920,Esslingen (Neckar),Baden-Württemberg,Esslingen am Neckar,73728,9.300578149,48.73854148,3,2512210212,8,2512210213,8,h,2,Bauarbeiten,,,,,,,0.0,0.0
-75170759467778659-2512210220-9,7185,2512210247,2512210248,7,,S,S1,Kirchheim(Teck)|Kirchheim(Teck)-Ötlingen|Wendlingen(Neckar)|Wernau(Neckar)|Plochingen|Altbach|Esslingen-Zell|Oberesslingen,8001920,Esslingen (Neckar),Baden-Württemberg,Esslingen am Neckar,73728,9.300578149,48.73854148,3,2512210248,,2512210249,,,,,,,,,,,1.0,1.0
-8267403812465371348-2512210116-20,7182,2512210209,2512210209,4,,S,S1,Herrenberg|Nufringen|Gärtringen|Ehningen(b Böblingen)|Hulb|Böblingen|Goldberg(Württ)|Stuttgart-Rohr|Stuttgart-Vaihingen|Stuttgart-Österfeld|Stuttgart Universität|Stuttgart Schwabstr.|Stuttgart Feuersee|Stuttgart Stadtmitte|Stuttgart Hbf (tief)|Stuttgart-Bad Cannstatt|Stuttgart Neckarpark|Stuttgart-Untertürkheim|Stuttgart-Obertürkheim,8001921,Esslingen-Mettingen,Baden-Württemberg,Esslingen am Neckar,73733,9.275799007,48.74696655,3,2512210210,,2512210211,,h,2,Bauarbeiten,,,,,,,1.0,2.0
-75170759467778659-2512210220-10,7185,2512210250,2512210250,3,,S,S1,Kirchheim(Teck)|Kirchheim(Teck)-Ötlingen|Wendlingen(Neckar)|Wernau(Neckar)|Plochingen|Altbach|Esslingen-Zell|Oberesslingen|Esslingen(Neckar),8001921,Esslingen-Mettingen,Baden-Württemberg,Esslingen am Neckar,73733,9.275799007,48.74696655,3,2512210250,,2512210251,,,,,,,,,,,0.0,1.0
-8267403812465371348-2512210116-23,7182,2512210217,2512210218,4,,S,S1,Herrenberg|Nufringen|Gärtringen|Ehningen(b Böblingen)|Hulb|Böblingen|Goldberg(Württ)|Stuttgart-Rohr|Stuttgart-Vaihingen|Stuttgart-Österfeld|Stuttgart Universität|Stuttgart Schwabstr.|Stuttgart Feuersee|Stuttgart Stadtmitte|Stuttgart Hbf (tief)|Stuttgart-Bad Cannstatt|Stuttgart Neckarpark|Stuttgart-Untertürkheim|Stuttgart-Obertürkheim|Esslingen-Mettingen|Esslingen(Neckar)|Oberesslingen,8006642,Esslingen-Zell,Baden-Württemberg,Esslingen am Neckar,73730,9.359739507,48.72436142,3,2512210218,,2512210218,,h,2,Bauarbeiten,,,,,,,1.0,0.0
-75170759467778659-2512210220-7,7185,2512210242,2512210242,3,,S,S1,Kirchheim(Teck)|Kirchheim(Teck)-Ötlingen|Wendlingen(Neckar)|Wernau(Neckar)|Plochingen|Altbach,8006642,Esslingen-Zell,Baden-Württemberg,Esslingen am Neckar,73730,9.359739507,48.72436142,3,2512210242,,2512210243,,,,,,,,,,,0.0,1.0
1351403289048253889-2512210225-4,7483,2512210233,2512210233,2,,S,S4,Marbach(Neckar)|Benningen(Neckar)|Freiberg(Neckar),8001967,Favoritepark,Baden-Württemberg,Ludwigsburg,71634,9.180574277,48.90948451,5,2512210233,,2512210233,,,,,,,,,,,0.0,0.0
888212345087117061-2512210202-10,7480,2512210226,2512210226,1,,S,S4,Stuttgart Schwabstr.|Stuttgart Feuersee|Stuttgart Stadtmitte|Stuttgart Hbf (tief)|Stuttgart Nordbahnhof|Stuttgart-Feuerbach|Stuttgart-Zuffenhausen|Kornwestheim Pbf|Ludwigsburg,8001967,Favoritepark,Baden-Württemberg,Ludwigsburg,71634,9.180574277,48.90948451,5,2512210226,,2512210226,,,,,,,,,,,0.0,0.0
-1607524350966311032-2512210227-1,7382,,2512210227,,,S,S3,,8001974,Fellbach,Baden-Württemberg,Fellbach,70736,9.270645988,48.8202936,3,,,2512210227,,h,1,Bauarbeiten,,,,,,,0.0,0.0
-2211095563162905186-2512210211-8,7383,2512210232,,1,,S,,Backnang|Maubach|Nellmersbach|Winnenden|Schwaikheim|Neustadt-Hohenacker|Waiblingen,8001974,Fellbach,Baden-Württemberg,Fellbach,70736,9.270645988,48.8202936,3,2512210235,,,,h,1,Bauarbeiten,,,,,,,3.0,0.0
6659304255335064233-2512210221-13,7295,2512210252,2512210253,1,,S,S2,Stuttgart-Bad Cannstatt|Stuttgart Hbf (tief)|Stuttgart Stadtmitte|Stuttgart Feuersee|Stuttgart Schwabstr.|Stuttgart Universität|Stuttgart-Österfeld|Stuttgart-Vaihingen|Stuttgart-Rohr|Oberaichen|Leinfelden|Echterdingen,8005768,Stuttgart Flughafen/Messe,Baden-Württemberg,Leinfelden-Echterdingen,70629,9.193411574,48.69075193,4,2512210252,,2512210253,,,,,,,,,,,0.0,0.0
1376177746027412619-2512210203-2,7292,2512210207,2512210208,2,,S,S2,Filderstadt,8005768,Stuttgart Flughafen/Messe,Baden-Württemberg,Leinfelden-Echterdingen,70629,9.193411574,48.69075193,4,2512210207,,2512210208,,,,,,,,,,,0.0,0.0
1351403289048253889-2512210225-3,7483,2512210230,2512210231,2,,S,S4,Marbach(Neckar)|Benningen(Neckar),8002065,Freiberg (Neckar),Baden-Württemberg,Freiberg am Neckar,71691,9.197530085,48.92994974,5,2512210230,,2512210231,,,,,,,,,,,0.0,0.0
888212345087117061-2512210202-11,7480,2512210229,2512210229,3,,S,S4,Stuttgart Schwabstr.|Stuttgart Feuersee|Stuttgart Stadtmitte|Stuttgart Hbf (tief)|Stuttgart Nordbahnhof|Stuttgart-Feuerbach|Stuttgart-Zuffenhausen|Kornwestheim Pbf|Ludwigsburg|Favoritepark,8002065,Freiberg (Neckar),Baden-Württemberg,Freiberg am Neckar,71691,9.197530085,48.92994974,5,2512210229,,2512210229,,,,,,,,,,,0.0,0.0
2697439683828861472-2512210216-3,7184,2512210222,2512210222,2,,S,S1,Herrenberg|Nufringen,8002165,Gärtringen,Baden-Württemberg,Gärtringen,71116,8.908864487,48.64080021,5,2512210222,,2512210222,,h,2,Bauarbeiten,,,,,,,0.0,0.0
-6636252286453561319-2512210120-27,7183,2512210237,2512210237,1,,S,S1,Kirchheim(Teck)|Kirchheim(Teck)-Ötlingen|Wendlingen(Neckar)|Wernau(Neckar)|Plochingen|Altbach|Esslingen-Zell|Oberesslingen|Esslingen(Neckar)|Esslingen-Mettingen|Stuttgart-Obertürkheim|Stuttgart-Untertürkheim|Stuttgart Neckarpark|Stuttgart-Bad Cannstatt|Stuttgart Hbf (tief)|Stuttgart Stadtmitte|Stuttgart Feuersee|Stuttgart Schwabstr.|Stuttgart Universität|Stuttgart-Österfeld|Stuttgart-Vaihingen|Stuttgart-Rohr|Goldberg(Württ)|Böblingen|Hulb|Ehningen(b Böblingen),8002165,Gärtringen,Baden-Württemberg,Gärtringen,71116,8.908864487,48.64080021,5,2512210237,,2512210238,,,,,,,,,,,0.0,1.0
7281239230217294309-2512210150-7,7280,2512210202,2512210202,2,,S,S2,Waiblingen|Rommelshausen|Stetten-Beinstein|Endersbach|Beutelsbach|Grunbach,8002240,Geradstetten,Baden-Württemberg,Remshalden,73630,9.439522346,48.80527689,5,2512210202,,2512210202,,h,1,Bauarbeiten,,,,,,,0.0,0.0
-1669766330763761732-2512210248-4,7287,2512210255,2512210256,1,,S,S2,Schorndorf|Weiler(Rems)|Winterbach(b Schorndorf),8002240,Geradstetten,Baden-Württemberg,Remshalden,73630,9.439522346,48.80527689,5,2512210255,,2512210256,,h,1,Bauarbeiten,,,,,,,0.0,0.0
2697439683828861472-2512210216-7,7184,2512210232,2512210232,2,,S,S1,Herrenberg|Nufringen|Gärtringen|Ehningen(b Böblingen)|Hulb|Böblingen,8005201,Goldberg,Baden-Württemberg,Böblingen,71032,9.019733387,48.69651581,5,2512210233,,2512210234,,h,2,Bauarbeiten,,,,,,,1.0,2.0
-6636252286453561319-2512210120-23,7183,2512210227,2512210227,1,,S,S1,Kirchheim(Teck)|Kirchheim(Teck)-Ötlingen|Wendlingen(Neckar)|Wernau(Neckar)|Plochingen|Altbach|Esslingen-Zell|Oberesslingen|Esslingen(Neckar)|Esslingen-Mettingen|Stuttgart-Obertürkheim|Stuttgart-Untertürkheim|Stuttgart Neckarpark|Stuttgart-Bad Cannstatt|Stuttgart Hbf (tief)|Stuttgart Stadtmitte|Stuttgart Feuersee|Stuttgart Schwabstr.|Stuttgart Universität|Stuttgart-Österfeld|Stuttgart-Vaihingen|Stuttgart-Rohr,8005201,Goldberg,Baden-Württemberg,Böblingen,71032,9.019733387,48.69651581,5,2512210227,,2512210227,,,,,,,,,,,0.0,0.0
7281239230217294309-2512210150-6,7280,2512210200,2512210200,3,,S,S2,Waiblingen|Rommelshausen|Stetten-Beinstein|Endersbach|Beutelsbach,8002448,Grunbach,Baden-Württemberg,Remshalden,73630,9.419580601,48.810414,4,2512210200,,2512210200,,h,1,Bauarbeiten,,,,,,,0.0,0.0
-1669766330763761732-2512210248-5,7287,2512210257,2512210258,2,,S,S2,Schorndorf|Weiler(Rems)|Winterbach(b Schorndorf)|Geradstetten,8002448,Grunbach,Baden-Württemberg,Remshalden,73630,9.419580601,48.810414,4,2512210257,,2512210258,,h,1,Bauarbeiten,,,,,,,0.0,0.0
977189238239077210-2512210142-6,17600,2512210206,,101,,RB,,Horb|Eutingen im Gäu|Ergenzingen|Bondorf(b Herrenberg)|Gäufelden,8002785,Herrenberg,Baden-Württemberg,Herrenberg,71083,8.862625253,48.59395697,3,2512210206,,,,,,,,,,,,,0.0,0.0
2697439683828861472-2512210216-1,7184,,2512210216,,,S,S1,,8002785,Herrenberg,Baden-Württemberg,Herrenberg,71083,8.862625253,48.59395697,3,,,2512210216,,h,2,Bauarbeiten,,,,,,,0.0,0.0
2453347871155118046-2512210248-1,17603,,2512210248,,,RB,RE14a,,8002785,Herrenberg,Baden-Württemberg,Herrenberg,71083,8.862625253,48.59395697,3,,,2512210248,,,,,,,,,,,0.0,0.0
1408618064500379844-2512210251-1,22894,,2512210251,,,RB,RB63,,8002785,Herrenberg,Baden-Württemberg,Herrenberg,71083,8.862625253,48.59395697,3,,,2512210251,,,,,,,,,,,0.0,0.0
-5778023041456607671-2512210111-18,22705,2512210210,,102,,RB,,Metzingen(Württ)|Reutlingen-Sondelfingen|Reutlingen Hbf|Reutlingen West|Reutlingen-Betzingen|Wannweil|Kirchentellinsfurt|Tübingen-Lustnau|Tübingen Hbf|Tübingen West|Unterjesingen Sandäcker|Unterjesingen Mitte|Pfäffingen|Entringen|Altingen(Württ)|Gültstein|Herrenberg Zwerchweg,8002785,Herrenberg,Baden-Württemberg,Herrenberg,71083,8.862625253,48.59395697,3,2512210210,,,,,,,,,,,,,0.0,0.0
-6636252286453561319-2512210120-29,7183,2512210244,,3,,S,,Kirchheim(Teck)|Kirchheim(Teck)-Ötlingen|Wendlingen(Neckar)|Wernau(Neckar)|Plochingen|Altbach|Esslingen-Zell|Oberesslingen|Esslingen(Neckar)|Esslingen-Mettingen|Stuttgart-Obertürkheim|Stuttgart-Untertürkheim|Stuttgart Neckarpark|Stuttgart-Bad Cannstatt|Stuttgart Hbf (tief)|Stuttgart Stadtmitte|Stuttgart Feuersee|Stuttgart Schwabstr.|Stuttgart Universität|Stuttgart-Österfeld|Stuttgart-Vaihingen|Stuttgart-Rohr|Goldberg(Württ)|Böblingen|Hulb|Ehningen(b Böblingen)|Gärtringen|Nufringen,8002785,Herrenberg,Baden-Württemberg,Herrenberg,71083,8.862625253,48.59395697,3,2512210244,,,,,,,,,,,,,0.0,0.0
-4499153358927255135-2512210212-12,7682,2512210239,2512210239,2,,S,S6,Stuttgart Schwabstr.|Stuttgart Feuersee|Stuttgart Stadtmitte|Stuttgart Hbf (tief)|Stuttgart Nordbahnhof|Stuttgart-Feuerbach|Stuttgart-Zuffenhausen|Neuwirtshaus(Porscheplatz)|Korntal|Weilimdorf|Ditzingen,8002892,Höfingen,Baden-Württemberg,Leonberg,71229,9.026180834,48.81503436,5,2512210239,,2512210239,,,,,,,,,,,0.0,0.0
5609678114939549359-2512210203-6,7683,2512210220,2512210221,1,,S,S6,Weil der Stadt|Malmsheim|Renningen|Rutesheim|Leonberg,8002892,Höfingen,Baden-Württemberg,Leonberg,71229,9.026180834,48.81503436,5,2512210221,,2512210221,,,,,,,,,,,1.0,0.0
2697439683828861472-2512210216-5,7184,2512210228,2512210228,2,,S,S1,Herrenberg|Nufringen|Gärtringen|Ehningen(b Böblingen),8003022,Hulb,Baden-Württemberg,Böblingen-Hulb,71032,8.982396429,48.67924173,5,2512210228,,2512210229,,h,2,Bauarbeiten,,,,,,,0.0,1.0
-6636252286453561319-2512210120-25,7183,2512210231,2512210231,1,,S,S1,Kirchheim(Teck)|Kirchheim(Teck)-Ötlingen|Wendlingen(Neckar)|Wernau(Neckar)|Plochingen|Altbach|Esslingen-Zell|Oberesslingen|Esslingen(Neckar)|Esslingen-Mettingen|Stuttgart-Obertürkheim|Stuttgart-Untertürkheim|Stuttgart Neckarpark|Stuttgart-Bad Cannstatt|Stuttgart Hbf (tief)|Stuttgart Stadtmitte|Stuttgart Feuersee|Stuttgart Schwabstr.|Stuttgart Universität|Stuttgart-Österfeld|Stuttgart-Vaihingen|Stuttgart-Rohr|Goldberg(Württ)|Böblingen,8003022,Hulb,Baden-Württemberg,Böblingen-Hulb,71032,8.982396429,48.67924173,5,2512210231,,2512210232,,,,,,,,,,,0.0,1.0
6659304255335064233-2512210221-14,7295,2512210257,,1,,S,,Stuttgart-Bad Cannstatt|Stuttgart Hbf (tief)|Stuttgart Stadtmitte|Stuttgart Feuersee|Stuttgart Schwabstr.|Stuttgart Universität|Stuttgart-Österfeld|Stuttgart-Vaihingen|Stuttgart-Rohr|Oberaichen|Leinfelden|Echterdingen|Stuttgart Flughafen/Messe,8001984,Filderstadt,Baden-Württemberg,Filderstadt,70794,9.217581315,48.67649151,5,2512210257,2,,,,,,,,,,,,0.0,0.0
1376177746027412619-2512210203-1,7292,,2512210203,,,S,S2,,8001984,Filderstadt,Baden-Württemberg,Filderstadt,70794,9.217581315,48.67649151,5,,,2512210203,,,,,,,,,,,0.0,0.0
-8267403812465371348-2512210116-29,7182,2512210239,,2,,S,,Herrenberg|Nufringen|Gärtringen|Ehningen(b Böblingen)|Hulb|Böblingen|Goldberg(Württ)|Stuttgart-Rohr|Stuttgart-Vaihingen|Stuttgart-Österfeld|Stuttgart Universität|Stuttgart Schwabstr.|Stuttgart Feuersee|Stuttgart Stadtmitte|Stuttgart Hbf (tief)|Stuttgart-Bad Cannstatt|Stuttgart Neckarpark|Stuttgart-Untertürkheim|Stuttgart-Obertürkheim|Esslingen-Mettingen|Esslingen(Neckar)|Oberesslingen|Esslingen-Zell|Altbach|Plochingen|Wernau(Neckar)|Wendlingen(Neckar)|Kirchheim(Teck)-Ötlingen,8003280,Kirchheim (Teck),Baden-Württemberg,Kirchheim unter Teck,73230,9.443872422,48.64415981,4,2512210239,,,,h,2,Bauarbeiten,,,,,,,0.0,0.0
-75170759467778659-2512210220-1,7185,,2512210220,,,S,S1,,8003280,Kirchheim (Teck),Baden-Württemberg,Kirchheim unter Teck,73230,9.443872422,48.64415981,4,,,2512210220,,,,,,,,,,,0.0,0.0
-8267403812465371348-2512210116-28,7182,2512210236,2512210237,1,,S,S1,Herrenberg|Nufringen|Gärtringen|Ehningen(b Böblingen)|Hulb|Böblingen|Goldberg(Württ)|Stuttgart-Rohr|Stuttgart-Vaihingen|Stuttgart-Österfeld|Stuttgart Universität|Stuttgart Schwabstr.|Stuttgart Feuersee|Stuttgart Stadtmitte|Stuttgart Hbf (tief)|Stuttgart-Bad Cannstatt|Stuttgart Neckarpark|Stuttgart-Untertürkheim|Stuttgart-Obertürkheim|Esslingen-Mettingen|Esslingen(Neckar)|Oberesslingen|Esslingen-Zell|Altbach|Plochingen|Wernau(Neckar)|Wendlingen(Neckar),8003282,Kirchheim (Teck)-Ötlingen,Baden-Württemberg,Kirchheim unter Teck,73230,9.416261302,48.65782388,5,2512210236,,2512210237,,h,2,Bauarbeiten,,,,,,,0.0,0.0
-75170759467778659-2512210220-2,7185,2512210223,2512210223,1,,S,S1,Kirchheim(Teck),8003282,Kirchheim (Teck)-Ötlingen,Baden-Württemberg,Kirchheim unter Teck,73230,9.416261302,48.65782388,5,2512210223,,2512210223,,,,,,,,,,,0.0,0.0
-4499153358927255135-2512210212-9,7682,2512210231,2512210231,1,,S,S6,Stuttgart Schwabstr.|Stuttgart Feuersee|Stuttgart Stadtmitte|Stuttgart Hbf (tief)|Stuttgart Nordbahnhof|Stuttgart-Feuerbach|Stuttgart-Zuffenhausen|Neuwirtshaus(Porscheplatz),8003409,Korntal,Baden-Württemberg,Korntal,70825,9.121099128,48.82640246,4,2512210231,,2512210231,,,,,,,,,,,0.0,0.0
5609678114939549359-2512210203-9,7683,2512210228,2512210229,3,,S,S6,Weil der Stadt|Malmsheim|Renningen|Rutesheim|Leonberg|Höfingen|Ditzingen|Weilimdorf,8003409,Korntal,Baden-Württemberg,Korntal,70825,9.121099128,48.82640246,4,2512210228,,2512210229,,,,,,,,,,,0.0,0.0
1519240211959847652-2512210222-8,7584,2512210240,2512210240,4,,S,S5,Stuttgart Schwabstr.|Stuttgart Feuersee|Stuttgart Stadtmitte|Stuttgart Hbf (tief)|Stuttgart Nordbahnhof|Stuttgart-Feuerbach|Stuttgart-Zuffenhausen,8003411,Kornwestheim Pbf,Baden-Württemberg,Kornwestheim,70806,9.179967278,48.86215948,3,2512210240,,2512210241,,,,,,,,,,,0.0,1.0
1351403289048253889-2512210225-6,7483,2512210239,2512210240,3,,S,S4,Marbach(Neckar)|Benningen(Neckar)|Freiberg(Neckar)|Favoritepark|Ludwigsburg,8003411,Kornwestheim Pbf,Baden-Württemberg,Kornwestheim,70806,9.179967278,48.86215948,3,2512210239,,2512210240,,,,,,,,,,,0.0,0.0
-7782036708032698312-2512210207-5,7583,2512210219,2512210220,3,,S,S5,Bietigheim-Bissingen|Tamm(Württ)|Asperg|Ludwigsburg,8003411,Kornwestheim Pbf,Baden-Württemberg,Kornwestheim,70806,9.179967278,48.86215948,3,2512210220,,2512210220,,,,,,,,,,,1.0,0.0
888212345087117061-2512210202-8,7480,2512210220,2512210220,4,,S,S4,Stuttgart Schwabstr.|Stuttgart Feuersee|Stuttgart Stadtmitte|Stuttgart Hbf (tief)|Stuttgart Nordbahnhof|Stuttgart-Feuerbach|Stuttgart-Zuffenhausen,8003411,Kornwestheim Pbf,Baden-Württemberg,Kornwestheim,70806,9.179967278,48.86215948,3,2512210220,,2512210221,,,,,,,,,,,0.0,1.0
6659304255335064233-2512210221-11,7295,2512210246,2512210247,1,,S,S2,Stuttgart-Bad Cannstatt|Stuttgart Hbf (tief)|Stuttgart Stadtmitte|Stuttgart Feuersee|Stuttgart Schwabstr.|Stuttgart Universität|Stuttgart-Österfeld|Stuttgart-Vaihingen|Stuttgart-Rohr|Oberaichen,8003622,Leinfelden,Baden-Württemberg,Leinfelden-Echterdingen,70771,9.142859698,48.6964193,4,2512210246,,2512210247,,,,,,,,,,,0.0,0.0
1376177746027412619-2512210203-4,7292,2512210212,2512210213,2,,S,S2,Filderstadt|Stuttgart Flughafen/Messe|Echterdingen,8003622,Leinfelden,Baden-Württemberg,Leinfelden-Echterdingen,70771,9.142859698,48.6964193,4,2512210212,,2512210213,,,,,,,,,,,0.0,0.0
-4499153358927255135-2512210212-13,7682,2512210243,2512210243,2,,S,S6,Stuttgart Schwabstr.|Stuttgart Feuersee|Stuttgart Stadtmitte|Stuttgart Hbf (tief)|Stuttgart Nordbahnhof|Stuttgart-Feuerbach|Stuttgart-Zuffenhausen|Neuwirtshaus(Porscheplatz)|Korntal|Weilimdorf|Ditzingen|Höfingen,8003652,Leonberg,Baden-Württemberg,Leonberg,71229,9.004025993,48.79970547,3,2512210243,,2512210243,,,,,,,,,,,0.0,0.0
5609678114939549359-2512210203-5,7683,2512210217,2512210217,1,,S,S6,Weil der Stadt|Malmsheim|Renningen|Rutesheim,8003652,Leonberg,Baden-Württemberg,Leonberg,71229,9.004025993,48.79970547,3,2512210217,,2512210217,,,,,,,,,,,0.0,0.0
1519240211959847652-2512210222-9,7584,2512210243,2512210244,2,,S,S5,Stuttgart Schwabstr.|Stuttgart Feuersee|Stuttgart Stadtmitte|Stuttgart Hbf (tief)|Stuttgart Nordbahnhof|Stuttgart-Feuerbach|Stuttgart-Zuffenhausen|Kornwestheim Pbf,8000235,Ludwigsburg,Baden-Württemberg,Ludwigsburg,71638,9.185229823,48.89208622,3,2512210243,,2512210244,,,,,,,,,,,0.0,0.0
-4559105305491250897-2512210104-12,19252,2512210219,2512210220,1,,RE,MEX12,Tübingen Hbf|Reutlingen Hbf|Metzingen(Württ)|Bempflingen|Nürtingen|Oberboihingen|Wendlingen(Neckar)|Plochingen|Esslingen(Neckar)|Stuttgart-Bad Cannstatt|Stuttgart Hbf,8000235,Ludwigsburg,Baden-Württemberg,Ludwigsburg,71638,9.185229823,48.89208622,3,2512210221,,2512210222,,,,,,,,,,,2.0,2.0
3934211858171778296-2512210207-2,19536,2512210216,2512210217,1,,RE,MEX17,Stuttgart Hbf,8000235,Ludwigsburg,Baden-Württemberg,Ludwigsburg,71638,9.185229823,48.89208622,3,2512210218,,2512210218,,,,,,,,,,,2.0,1.0
1351403289048253889-2512210225-5,7483,2512210236,2512210236,3,,S,S4,Marbach(Neckar)|Benningen(Neckar)|Freiberg(Neckar)|Favoritepark,8000235,Ludwigsburg,Baden-Württemberg,Ludwigsburg,71638,9.185229823,48.89208622,3,2512210236,,2512210236,,,,,,,,,,,0.0,0.0
-7782036708032698312-2512210207-4,7583,2512210216,2512210216,3,,S,S5,Bietigheim-Bissingen|Tamm(Württ)|Asperg,8000235,Ludwigsburg,Baden-Württemberg,Ludwigsburg,71638,9.185229823,48.89208622,3,2512210216,,2512210217,,,,,,,,,,,0.0,1.0
888212345087117061-2512210202-9,7480,2512210223,2512210224,2,,S,S4,Stuttgart Schwabstr.|Stuttgart Feuersee|Stuttgart Stadtmitte|Stuttgart Hbf (tief)|Stuttgart Nordbahnhof|Stuttgart-Feuerbach|Stuttgart-Zuffenhausen|Kornwestheim Pbf,8000235,Ludwigsburg,Baden-Württemberg,Ludwigsburg,71638,9.185229823,48.89208622,3,2512210224,,2512210224,,,,,,,,,,,1.0,0.0
-4499153358927255135-2512210212-16,7682,2512210254,2512210254,1,,S,S6,Stuttgart Schwabstr.|Stuttgart Feuersee|Stuttgart Stadtmitte|Stuttgart Hbf (tief)|Stuttgart Nordbahnhof|Stuttgart-Feuerbach|Stuttgart-Zuffenhausen|Neuwirtshaus(Porscheplatz)|Korntal|Weilimdorf|Ditzingen|Höfingen|Leonberg|Rutesheim|Renningen,8003831,Malmsheim,Baden-Württemberg,Renningen,71272,8.905105557,48.77183564,5,2512210254,,2512210254,,,,,,,,,,,0.0,0.0
5609678114939549359-2512210203-2,7683,2512210205,2512210205,2,,S,S6,Weil der Stadt,8003831,Malmsheim,Baden-Württemberg,Renningen,71272,8.905105557,48.77183564,5,2512210206,,2512210206,,,,,,,,,,,1.0,1.0
1351403289048253889-2512210225-1,7483,,2512210225,,,S,S4,,8003853,Marbach (Neckar),Baden-Württemberg,Marbach am Neckar,71672,9.264611825,48.9437708,3,,,2512210225,,,,,,,,,,,0.0,0.0
1238772450296409647-2512210147-9,17500,2512210232,2512210235,,,RB,MEX19,Schwäbisch Hall-Hessental|Gaildorf West|Fichtenberg|Fornsbach|Murrhardt|Sulzbach(Murr)|Oppenweiler(Württ)|Backnang,8003853,Marbach (Neckar),Baden-Württemberg,Marbach am Neckar,71672,9.264611825,48.9437708,3,2512210234,2,2512210236,2,,,,,,,,,,2.0,1.0
888212345087117061-2512210202-13,7480,2512210235,,1,,S,,Stuttgart Schwabstr.|Stuttgart Feuersee|Stuttgart Stadtmitte|Stuttgart Hbf (tief)|Stuttgart Nordbahnhof|Stuttgart-Feuerbach|Stuttgart-Zuffenhausen|Kornwestheim Pbf|Ludwigsburg|Favoritepark|Freiberg(Neckar)|Benningen(Neckar),8003853,Marbach (Neckar),Baden-Württemberg,Marbach am Neckar,71672,9.264611825,48.9437708,3,2512210235,,,,,,,,,,,,,0.0,0.0
-1607524350966311032-2512210227-7,7382,2512210244,2512210245,2,,S,S3,Fellbach|Waiblingen|Neustadt-Hohenacker|Schwaikheim|Winnenden|Nellmersbach,8003913,Maubach,Baden-Württemberg,Backnang,71522,9.419487062,48.92623463,4,2512210246,,2512210247,,h,1,Bauarbeiten,,,,,,,2.0,2.0
-2211095563162905186-2512210211-2,7383,2512210213,2512210214,1,,S,S3,Backnang,8003913,Maubach,Baden-Württemberg,Backnang,71522,9.419487062,48.92623463,4,2512210214,,2512210214,,h,1,Bauarbeiten,,,,,,,1.0,0.0
-1607524350966311032-2512210227-6,7382,2512210241,2512210242,2,,S,S3,Fellbach|Waiblingen|Neustadt-Hohenacker|Schwaikheim|Winnenden,8004233,Nellmersbach,Baden-Württemberg,Leutenbach,71397,9.415421538,48.90336425,5,2512210243,,2512210244,,h,1,Bauarbeiten,,,,,,,2.0,2.0
-2211095563162905186-2512210211-3,7383,2512210216,2512210216,1,,S,S3,Backnang|Maubach,8004233,Nellmersbach,Baden-Württemberg,Leutenbach,71397,9.415421538,48.90336425,5,2512210216,,2512210216,,h,1,Bauarbeiten,,,,,,,0.0,0.0
-1607524350966311032-2512210227-3,7382,2512210233,2512210233,1,,S,S3,Fellbach|Waiblingen,8004333,Neustadt-Hohenacker,Baden-Württemberg,Waiblingen,71336,9.32455106,48.85921668,5,2512210235,,2512210235,,h,1,Bauarbeiten,,,,,,,2.0,2.0
-2211095563162905186-2512210211-6,7383,2512210225,2512210225,2,,S,S3,Backnang|Maubach|Nellmersbach|Winnenden|Schwaikheim,8004333,Neustadt-Hohenacker,Baden-Württemberg,Waiblingen,71336,9.32455106,48.85921668,5,2512210225,,2512210225,,h,1,Bauarbeiten,,,,,,,0.0,0.0
-4499153358927255135-2512210212-8,7682,2512210228,2512210228,1,,S,S6,Stuttgart Schwabstr.|Stuttgart Feuersee|Stuttgart Stadtmitte|Stuttgart Hbf (tief)|Stuttgart Nordbahnhof|Stuttgart-Feuerbach|Stuttgart-Zuffenhausen,8004338,Neuwirtshaus (Porscheplatz),Baden-Württemberg,Stuttgart,70435,9.151955614,48.83384734,4,2512210228,,2512210229,,,,,,,,,,,0.0,1.0
5609678114939549359-2512210203-10,7683,2512210231,2512210231,2,,S,S6,Weil der Stadt|Malmsheim|Renningen|Rutesheim|Leonberg|Höfingen|Ditzingen|Weilimdorf|Korntal,8004338,Neuwirtshaus (Porscheplatz),Baden-Württemberg,Stuttgart,70435,9.151955614,48.83384734,4,2512210231,,2512210231,,,,,,,,,,,0.0,0.0
2697439683828861472-2512210216-2,7184,2512210219,2512210219,2,,S,S1,Herrenberg,8004490,Nufringen,Baden-Württemberg,Nufringen,71154,8.889817485,48.62010967,5,2512210219,,2512210220,,h,2,Bauarbeiten,,,,,,,0.0,1.0
-6636252286453561319-2512210120-28,7183,2512210240,2512210240,1,,S,S1,Kirchheim(Teck)|Kirchheim(Teck)-Ötlingen|Wendlingen(Neckar)|Wernau(Neckar)|Plochingen|Altbach|Esslingen-Zell|Oberesslingen|Esslingen(Neckar)|Esslingen-Mettingen|Stuttgart-Obertürkheim|Stuttgart-Untertürkheim|Stuttgart Neckarpark|Stuttgart-Bad Cannstatt|Stuttgart Hbf (tief)|Stuttgart Stadtmitte|Stuttgart Feuersee|Stuttgart Schwabstr.|Stuttgart Universität|Stuttgart-Österfeld|Stuttgart-Vaihingen|Stuttgart-Rohr|Goldberg(Württ)|Böblingen|Hulb|Ehningen(b Böblingen)|Gärtringen,8004490,Nufringen,Baden-Württemberg,Nufringen,71154,8.889817485,48.62010967,5,2512210240,,2512210241,,,,,,,,,,,0.0,1.0
6659304255335064233-2512210221-10,7295,2512210244,2512210244,1,,S,S2,Stuttgart-Bad Cannstatt|Stuttgart Hbf (tief)|Stuttgart Stadtmitte|Stuttgart Feuersee|Stuttgart Schwabstr.|Stuttgart Universität|Stuttgart-Österfeld|Stuttgart-Vaihingen|Stuttgart-Rohr,8004496,Oberaichen,Baden-Württemberg,Leinfelden-Echterdingen,70771,9.12743664,48.70512422,5,2512210244,,2512210244,,,,,,,,,,,0.0,0.0
1376177746027412619-2512210203-5,7292,2512210215,2512210215,2,,S,S2,Filderstadt|Stuttgart Flughafen/Messe|Echterdingen|Leinfelden,8004496,Oberaichen,Baden-Württemberg,Leinfelden-Echterdingen,70771,9.12743664,48.70512422,5,2512210215,,2512210215,,,,,,,,,,,0.0,0.0
-8267403812465371348-2512210116-22,7182,2512210215,2512210215,4,,S,S1,Herrenberg|Nufringen|Gärtringen|Ehningen(b Böblingen)|Hulb|Böblingen|Goldberg(Württ)|Stuttgart-Rohr|Stuttgart-Vaihingen|Stuttgart-Österfeld|Stuttgart Universität|Stuttgart Schwabstr.|Stuttgart Feuersee|Stuttgart Stadtmitte|Stuttgart Hbf (tief)|Stuttgart-Bad Cannstatt|Stuttgart Neckarpark|Stuttgart-Untertürkheim|Stuttgart-Obertürkheim|Esslingen-Mettingen|Esslingen(Neckar),8004528,Oberesslingen,Baden-Württemberg,Esslingen am Neckar,73730,9.327277435,48.72983585,3,2512210215,,2512210216,,h,2,Bauarbeiten,,,,,,,0.0,1.0
-75170759467778659-2512210220-8,7185,2512210245,2512210245,3,,S,S1,Kirchheim(Teck)|Kirchheim(Teck)-Ötlingen|Wendlingen(Neckar)|Wernau(Neckar)|Plochingen|Altbach|Esslingen-Zell,8004528,Oberesslingen,Baden-Württemberg,Esslingen am Neckar,73730,9.327277435,48.72983585,3,2512210245,,2512210246,,,,,,,,,,,0.0,1.0
-977433553791721432-2512210111-12,19257,2512210228,2512210229,7,,RE,MEX12,Heilbronn Hbf|Nordheim(Württ)|Lauffen(Neckar)|Kirchheim(Neckar)|Walheim(Württ)|Besigheim|Bietigheim-Bissingen|Ludwigsburg|Stuttgart Hbf|Stuttgart-Bad Cannstatt|Esslingen(Neckar),8000302,Plochingen,Baden-Württemberg,Plochingen,73207,9.411294578,48.71293906,2,2512210228,,2512210229,,,,,,,,,,,0.0,0.0
-8267403812465371348-2512210116-25,7182,2512210223,2512210225,10,,S,S1,Herrenberg|Nufringen|Gärtringen|Ehningen(b Böblingen)|Hulb|Böblingen|Goldberg(Württ)|Stuttgart-Rohr|Stuttgart-Vaihingen|Stuttgart-Österfeld|Stuttgart Universität|Stuttgart Schwabstr.|Stuttgart Feuersee|Stuttgart Stadtmitte|Stuttgart Hbf (tief)|Stuttgart-Bad Cannstatt|Stuttgart Neckarpark|Stuttgart-Untertürkheim|Stuttgart-Obertürkheim|Esslingen-Mettingen|Esslingen(Neckar)|Oberesslingen|Esslingen-Zell|Altbach,8000302,Plochingen,Baden-Württemberg,Plochingen,73207,9.411294578,48.71293906,2,2512210223,,2512210225,,h,2,Bauarbeiten,,,,,,,0.0,0.0
-75170759467778659-2512210220-5,7185,2512210235,2512210237,9,,S,S1,Kirchheim(Teck)|Kirchheim(Teck)-Ötlingen|Wendlingen(Neckar)|Wernau(Neckar),8000302,Plochingen,Baden-Württemberg,Plochingen,73207,9.411294578,48.71293906,2,2512210236,,2512210238,,,,,,,,,,,1.0,1.0
1154924216963206741-2512210234-7,7083,2512210250,,2,,S,,Böblingen|Sindelfingen|Maichingen|Maichingen Nord|Magstadt|Renningen Süd,8000313,Renningen,Baden-Württemberg,Renningen,71272,8.932650148,48.77515509,3,2512210250,,,,,,,,,,,,,0.0,0.0
275410206223352690-2512210209-1,7082,,2512210209,,,S,S60,,8000313,Renningen,Baden-Württemberg,Renningen,71272,8.932650148,48.77515509,3,,,2512210209,,,,,,,,,,,0.0,0.0
-4499153358927255135-2512210212-15,7682,2512210249,2512210252,3,,S,S6,Stuttgart Schwabstr.|Stuttgart Feuersee|Stuttgart Stadtmitte|Stuttgart Hbf (tief)|Stuttgart Nordbahnhof|Stuttgart-Feuerbach|Stuttgart-Zuffenhausen|Neuwirtshaus(Porscheplatz)|Korntal|Weilimdorf|Ditzingen|Höfingen|Leonberg|Rutesheim,8000313,Renningen,Baden-Württemberg,Renningen,71272,8.932650148,48.77515509,3,2512210249,,2512210252,,,,,,,,,,,0.0,0.0
5609678114939549359-2512210203-3,7683,2512210207,2512210211,2,,S,S6,Weil der Stadt|Malmsheim,8000313,Renningen,Baden-Württemberg,Renningen,71272,8.932650148,48.77515509,3,2512210208,,2512210211,,,,,,,,,,,1.0,0.0
-4298679149576043002-2512210148-9,7285,2512210206,2512210207,2,,S,S2,Schorndorf|Weiler(Rems)|Winterbach(b Schorndorf)|Geradstetten|Grunbach|Beutelsbach|Endersbach|Stetten-Beinstein,8005157,Rommelshausen,Baden-Württemberg,Kernen,71394,9.319175885,48.81552017,4,2512210207,,2512210209,,h,1,Bauarbeiten,,,,,,,1.0,2.0
2065810975410014282-2512210250-2,7282,2512210252,2512210252,1,,S,S2,Waiblingen,8005157,Rommelshausen,Baden-Württemberg,Kernen,71394,9.319175885,48.81552017,4,2512210252,,2512210252,,h,1,Bauarbeiten,,,,,,,0.0,0.0
-4499153358927255135-2512210212-14,7682,2512210246,2512210246,2,,S,S6,Stuttgart Schwabstr.|Stuttgart Feuersee|Stuttgart Stadtmitte|Stuttgart Hbf (tief)|Stuttgart Nordbahnhof|Stuttgart-Feuerbach|Stuttgart-Zuffenhausen|Neuwirtshaus(Porscheplatz)|Korntal|Weilimdorf|Ditzingen|Höfingen|Leonberg,8005236,Rutesheim,Baden-Württemberg,Leonberg,71229,8.960325242,48.79031093,5,2512210246,,2512210246,,,,,,,,,,,0.0,0.0
5609678114939549359-2512210203-4,7683,2512210213,2512210214,1,,S,S6,Weil der Stadt|Malmsheim|Renningen,8005236,Rutesheim,Baden-Württemberg,Leonberg,71229,8.960325242,48.79031093,5,2512210214,,2512210214,,,,,,,,,,,1.0,0.0
7281239230217294309-2512210150-10,7280,2512210210,,1,,S,,Waiblingen|Rommelshausen|Stetten-Beinstein|Endersbach|Beutelsbach|Grunbach|Geradstetten|Winterbach(b Schorndorf)|Weiler(Rems),8005424,Schorndorf,Baden-Württemberg,Schorndorf,73614,9.525686251,48.80693898,3,2512210210,,,,h,1,Bauarbeiten,,,,,,,0.0,0.0
-1669766330763761732-2512210248-1,7287,,2512210248,,,S,S2,,8005424,Schorndorf,Baden-Württemberg,Schorndorf,73614,9.525686251,48.80693898,3,,,2512210248,,h,1,Bauarbeiten,,,,,,,0.0,0.0
-1607524350966311032-2512210227-4,7382,2512210236,2512210236,2,,S,S3,Fellbach|Waiblingen|Neustadt-Hohenacker,8005454,Schwaikheim,Baden-Württemberg,Schwaikheim,71409,9.354747358,48.86832665,4,2512210237,,2512210238,,h,1,Bauarbeiten,,,,,,,1.0,2.0
-2211095563162905186-2512210211-5,7383,2512210222,2512210223,1,,S,S3,Backnang|Maubach|Nellmersbach|Winnenden,8005454,Schwaikheim,Baden-Württemberg,Schwaikheim,71409,9.354747358,48.86832665,4,2512210222,,2512210223,,h,1,Bauarbeiten,,,,,,,0.0,0.0
1154924216963206741-2512210234-2,7083,2512210236,2512210237,1,,S,S60,Böblingen,8005574,Sindelfingen,Baden-Württemberg,Sindelfingen,71063,8.999262079,48.70387346,6,2512210237,,2512210237,,,,,,,,,,,1.0,0.0
275410206223352690-2512210209-6,7082,2512210222,2512210223,1,,S,S60,Renningen|Renningen Süd|Magstadt|Maichingen Nord|Maichingen,8005574,Sindelfingen,Baden-Württemberg,Sindelfingen,71063,8.999262079,48.70387346,6,2512210222,,2512210223,,,,,,,,,,,0.0,0.0
-4298679149576043002-2512210148-8,7285,2512210204,2512210204,2,,S,S2,Schorndorf|Weiler(Rems)|Winterbach(b Schorndorf)|Geradstetten|Grunbach|Beutelsbach|Endersbach,8005726,Stetten-Beinstein,Baden-Württemberg,Weinstadt,71384,9.352769725,48.81199601,5,2512210204,,2512210205,,h,1,Bauarbeiten,,,,,,,0.0,1.0
2065810975410014282-2512210250-3,7282,2512210254,2512210254,1,,S,S2,Waiblingen|Rommelshausen,8005726,Stetten-Beinstein,Baden-Württemberg,Weinstadt,71384,9.352769725,48.81199601,5,2512210254,,2512210255,,h,1,Bauarbeiten,,,,,,,0.0,1.0
1418551255540069782-2512210107-14,19575,2512210200,,7,,RE,,Pforzheim Hbf|Eutingen(Baden)|Niefern|Enzberg|Mühlacker|Mühlacker Rößlesweg|Illingen(Württ)|Vaihingen(Enz)|Sersheim|Sachsenheim|Ellental|Bietigheim-Bissingen|Ludwigsburg,8000096,Stuttgart Hbf,Baden-Württemberg,Stuttgart,70173,9.183172973,48.78473069,1,2512210203,,,,,,,,,,,,,3.0,0.0
-4559105305491250897-2512210104-11,19252,2512210204,2512210210,8,,RE,MEX12,Tübingen Hbf|Reutlingen Hbf|Metzingen(Württ)|Bempflingen|Nürtingen|Oberboihingen|Wendlingen(Neckar)|Plochingen|Esslingen(Neckar)|Stuttgart-Bad Cannstatt,8000096,Stuttgart Hbf,Baden-Württemberg,Stuttgart,70173,9.183172973,48.78473069,1,2512210204,,2512210212,,,,,,,,,,,0.0,2.0
-977433553791721432-2512210111-9,19257,2512210156,2512210208,16,,RE,MEX12,Heilbronn Hbf|Nordheim(Württ)|Lauffen(Neckar)|Kirchheim(Neckar)|Walheim(Württ)|Besigheim|Bietigheim-Bissingen|Ludwigsburg,8000096,Stuttgart Hbf,Baden-Württemberg,Stuttgart,70173,9.183172973,48.78473069,1,2512210156,,2512210208,,,,,,,,,,,0.0,0.0
3934211858171778296-2512210207-1,19536,,2512210207,,,RE,MEX17,,8000096,Stuttgart Hbf,Baden-Württemberg,Stuttgart,70173,9.183172973,48.78473069,1,,,2512210209,,,,,,,,,,,0.0,2.0
1238772450296409647-2512210147-10,17500,2512210251,,12,,RB,,Schwäbisch Hall-Hessental|Gaildorf West|Fichtenberg|Fornsbach|Murrhardt|Sulzbach(Murr)|Oppenweiler(Württ)|Backnang|Marbach(Neckar),8000096,Stuttgart Hbf,Baden-Württemberg,Stuttgart,70173,9.183172973,48.78473069,1,2512210254,,,,,,,,,,,,,3.0,0.0
-4316463925842786655-2512202331-4,2518,2512210239,2512210245,5,,ICE,,München Hbf|München-Pasing|Augsburg Hbf,8000096,Stuttgart Hbf,Baden-Württemberg,Stuttgart,70173,9.183172973,48.78473069,1,,,,,h,1,Großstörung,,,,,c,c,0.0,0.0
-8267403812465371348-2512210116-17,7182,2512210202,2512210202,2,,S,S1,Herrenberg|Nufringen|Gärtringen|Ehningen(b Böblingen)|Hulb|Böblingen|Goldberg(Württ)|Stuttgart-Rohr|Stuttgart-Vaihingen|Stuttgart-Österfeld|Stuttgart Universität|Stuttgart Schwabstr.|Stuttgart Feuersee|Stuttgart Stadtmitte|Stuttgart Hbf (tief)|Stuttgart-Bad Cannstatt,8006743,Stuttgart Neckarpark,Baden-Württemberg,Stuttgart,70372,9.24106855,48.79194362,4,2512210203,,2512210203,,h,2,Bauarbeiten,,,,,,,1.0,1.0
-75170759467778659-2512210220-13,7185,2512210257,2512210257,1,,S,S1,Kirchheim(Teck)|Kirchheim(Teck)-Ötlingen|Wendlingen(Neckar)|Wernau(Neckar)|Plochingen|Altbach|Esslingen-Zell|Oberesslingen|Esslingen(Neckar)|Esslingen-Mettingen|Stuttgart-Obertürkheim|Stuttgart-Untertürkheim,8006743,Stuttgart Neckarpark,Baden-Württemberg,Stuttgart,70372,9.24106855,48.79194362,4,2512210258,,2512210258,,,,,,,,,,,1.0,1.0
1519240211959847652-2512210222-5,7584,2512210231,2512210231,3,,S,S5,Stuttgart Schwabstr.|Stuttgart Feuersee|Stuttgart Stadtmitte|Stuttgart Hbf (tief),8005767,Stuttgart Nord,Baden-Württemberg,Stuttgard-Nord,70174,9.188061449,48.80374161,5,2512210231,,2512210232,,,,,,,,,,,0.0,1.0
1351403289048253889-2512210225-9,7483,2512210248,2512210249,4,,S,S4,Marbach(Neckar)|Benningen(Neckar)|Freiberg(Neckar)|Favoritepark|Ludwigsburg|Kornwestheim Pbf|Stuttgart-Zuffenhausen|Stuttgart-Feuerbach,8005767,Stuttgart Nord,Baden-Württemberg,Stuttgard-Nord,70174,9.188061449,48.80374161,5,2512210248,,2512210249,,,,,,,,,,,0.0,0.0
-7782036708032698312-2512210207-8,7583,2512210228,2512210229,4,,S,S5,Bietigheim-Bissingen|Tamm(Württ)|Asperg|Ludwigsburg|Kornwestheim Pbf|Stuttgart-Zuffenhausen|Stuttgart-Feuerbach,8005767,Stuttgart Nord,Baden-Württemberg,Stuttgard-Nord,70174,9.188061449,48.80374161,5,2512210228,,2512210229,,,,,,,,,,,0.0,0.0
888212345087117061-2512210202-5,7480,2512210211,2512210211,3,,S,S4,Stuttgart Schwabstr.|Stuttgart Feuersee|Stuttgart Stadtmitte|Stuttgart Hbf (tief),8005767,Stuttgart Nord,Baden-Württemberg,Stuttgard-Nord,70174,9.188061449,48.80374161,5,2512210211,,2512210212,,,,,,,,,,,0.0,1.0
-4499153358927255135-2512210212-5,7682,2512210221,2512210221,3,,S,S6,Stuttgart Schwabstr.|Stuttgart Feuersee|Stuttgart Stadtmitte|Stuttgart Hbf (tief),8005767,Stuttgart Nord,Baden-Württemberg,Stuttgard-Nord,70174,9.188061449,48.80374161,5,2512210221,,2512210221,,,,,,,,,,,0.0,0.0
5609678114939549359-2512210203-13,7683,2512210238,2512210239,4,,S,S6,Weil der Stadt|Malmsheim|Renningen|Rutesheim|Leonberg|Höfingen|Ditzingen|Weilimdorf|Korntal|Neuwirtshaus(Porscheplatz)|Stuttgart-Zuffenhausen|Stuttgart-Feuerbach,8005767,Stuttgart Nord,Baden-Württemberg,Stuttgard-Nord,70174,9.188061449,48.80374161,5,2512210239,,2512210239,,,,,,,,,,,1.0,0.0
-4685447773966563910-2512210241-7,7093,2512210257,2512210257,1,,S,S3,Stuttgart-Bad Cannstatt|Stuttgart Hbf (tief)|Stuttgart Stadtmitte|Stuttgart Feuersee|Stuttgart Schwabstr.|Stuttgart Universität,8005779,Stuttgart Österfeld,Baden-Württemberg,Stuttgart,70563,9.116751457,48.73749946,4,2512210257,,2512210257,,,,,,,,,,,0.0,0.0
2697439683828861472-2512210216-10,7184,2512210242,2512210242,2,,S,S1,Herrenberg|Nufringen|Gärtringen|Ehningen(b Böblingen)|Hulb|Böblingen|Goldberg(Württ)|Stuttgart-Rohr|Stuttgart-Vaihingen,8005779,Stuttgart Österfeld,Baden-Württemberg,Stuttgart,70563,9.116751457,48.73749946,4,2512210244,,2512210244,,h,2,Bauarbeiten,,,,,,,2.0,2.0
6659304255335064233-2512210221-7,7295,2512210237,2512210237,1,,S,S2,Stuttgart-Bad Cannstatt|Stuttgart Hbf (tief)|Stuttgart Stadtmitte|Stuttgart Feuersee|Stuttgart Schwabstr.|Stuttgart Universität,8005779,Stuttgart Österfeld,Baden-Württemberg,Stuttgart,70563,9.116751457,48.73749946,4,2512210238,,2512210238,,,,,,,,,,,1.0,1.0
-6636252286453561319-2512210120-20,7183,2512210217,2512210217,1,,S,S1,Kirchheim(Teck)|Kirchheim(Teck)-Ötlingen|Wendlingen(Neckar)|Wernau(Neckar)|Plochingen|Altbach|Esslingen-Zell|Oberesslingen|Esslingen(Neckar)|Esslingen-Mettingen|Stuttgart-Obertürkheim|Stuttgart-Untertürkheim|Stuttgart Neckarpark|Stuttgart-Bad Cannstatt|Stuttgart Hbf (tief)|Stuttgart Stadtmitte|Stuttgart Feuersee|Stuttgart Schwabstr.|Stuttgart Universität,8005779,Stuttgart Österfeld,Baden-Württemberg,Stuttgart,70563,9.116751457,48.73749946,4,2512210217,,2512210218,,,,,,,,,,,0.0,1.0
7469498861273373978-2512210200-2,7090,2512210202,2512210202,2,,S,S3,Stuttgart-Vaihingen,8005779,Stuttgart Österfeld,Baden-Württemberg,Stuttgart,70563,9.116751457,48.73749946,4,2512210202,,2512210202,,,,,,,,,,,0.0,0.0
1376177746027412619-2512210203-8,7292,2512210222,2512210222,2,,S,S2,Filderstadt|Stuttgart Flughafen/Messe|Echterdingen|Leinfelden|Oberaichen|Stuttgart-Rohr|Stuttgart-Vaihingen,8005779,Stuttgart Österfeld,Baden-Württemberg,Stuttgart,70563,9.116751457,48.73749946,4,2512210222,,2512210222,,,,,,,,,,,0.0,0.0
-4685447773966563910-2512210241-6,7093,2512210255,2512210255,1,,S,S3,Stuttgart-Bad Cannstatt|Stuttgart Hbf (tief)|Stuttgart Stadtmitte|Stuttgart Feuersee|Stuttgart Schwabstr.,8006513,Stuttgart Universität,Baden-Württemberg,Stuttgart,70569,9.105864214,48.74511762,4,2512210255,,2512210255,,,,,,,,,,,0.0,0.0
2697439683828861472-2512210216-11,7184,2512210244,2512210244,2,,S,S1,Herrenberg|Nufringen|Gärtringen|Ehningen(b Böblingen)|Hulb|Böblingen|Goldberg(Württ)|Stuttgart-Rohr|Stuttgart-Vaihingen|Stuttgart-Österfeld,8006513,Stuttgart Universität,Baden-Württemberg,Stuttgart,70569,9.105864214,48.74511762,4,2512210246,,2512210246,,h,2,Bauarbeiten,,,,,,,2.0,2.0
6659304255335064233-2512210221-6,7295,2512210235,2512210235,1,,S,S2,Stuttgart-Bad Cannstatt|Stuttgart Hbf (tief)|Stuttgart Stadtmitte|Stuttgart Feuersee|Stuttgart Schwabstr.,8006513,Stuttgart Universität,Baden-Württemberg,Stuttgart,70569,9.105864214,48.74511762,4,2512210236,,2512210236,,,,,,,,,,,1.0,1.0
-6636252286453561319-2512210120-19,7183,2512210215,2512210215,1,,S,S1,Kirchheim(Teck)|Kirchheim(Teck)-Ötlingen|Wendlingen(Neckar)|Wernau(Neckar)|Plochingen|Altbach|Esslingen-Zell|Oberesslingen|Esslingen(Neckar)|Esslingen-Mettingen|Stuttgart-Obertürkheim|Stuttgart-Untertürkheim|Stuttgart Neckarpark|Stuttgart-Bad Cannstatt|Stuttgart Hbf (tief)|Stuttgart Stadtmitte|Stuttgart Feuersee|Stuttgart Schwabstr.,8006513,Stuttgart Universität,Baden-Württemberg,Stuttgart,70569,9.105864214,48.74511762,4,2512210215,,2512210216,,,,,,,,,,,0.0,1.0
7469498861273373978-2512210200-3,7090,2512210204,2512210204,2,,S,S3,Stuttgart-Vaihingen|Stuttgart-Österfeld,8006513,Stuttgart Universität,Baden-Württemberg,Stuttgart,70569,9.105864214,48.74511762,4,2512210204,,2512210204,,,,,,,,,,,0.0,0.0
1376177746027412619-2512210203-9,7292,2512210224,2512210224,2,,S,S2,Filderstadt|Stuttgart Flughafen/Messe|Echterdingen|Leinfelden|Oberaichen|Stuttgart-Rohr|Stuttgart-Vaihingen|Stuttgart-Österfeld,8006513,Stuttgart Universität,Baden-Württemberg,Stuttgart,70569,9.105864214,48.74511762,4,2512210224,,2512210224,,,,,,,,,,,0.0,0.0
-4685447773966563910-2512210241-1,7093,,2512210241,,,S,S3,,8005769,Stuttgart-Bad Cannstatt,Baden-Württemberg,Stuttgart,70372,9.217468636,48.80127978,3,,,2512210241,,,,,,,,,,,0.0,0.0
-4559105305491250897-2512210104-10,19252,2512210159,2512210200,5,,RE,MEX12,Tübingen Hbf|Reutlingen Hbf|Metzingen(Württ)|Bempflingen|Nürtingen|Oberboihingen|Wendlingen(Neckar)|Plochingen|Esslingen(Neckar),8005769,Stuttgart-Bad Cannstatt,Baden-Württemberg,Stuttgart,70372,9.217468636,48.80127978,3,2512210159,,2512210201,,,,,,,,,,,0.0,1.0
-977433553791721432-2512210111-10,19257,2512210212,2512210212,4,,RE,MEX12,Heilbronn Hbf|Nordheim(Württ)|Lauffen(Neckar)|Kirchheim(Neckar)|Walheim(Württ)|Besigheim|Bietigheim-Bissingen|Ludwigsburg|Stuttgart Hbf,8005769,Stuttgart-Bad Cannstatt,Baden-Württemberg,Stuttgart,70372,9.217468636,48.80127978,3,2512210212,,2512210213,,,,,,,,,,,0.0,1.0
2697439683828861472-2512210216-16,7184,2512210259,2512210259,4,,S,S1,Herrenberg|Nufringen|Gärtringen|Ehningen(b Böblingen)|Hulb|Böblingen|Goldberg(Württ)|Stuttgart-Rohr|Stuttgart-Vaihingen|Stuttgart-Österfeld|Stuttgart Universität|Stuttgart Schwabstr.|Stuttgart Feuersee|Stuttgart Stadtmitte|Stuttgart Hbf (tief),8005769,Stuttgart-Bad Cannstatt,Baden-Württemberg,Stuttgart,70372,9.217468636,48.80127978,3,2512210301,,2512210302,,h,2,Bauarbeiten,,,,,,,2.0,3.0
6659304255335064233-2512210221-1,7295,,2512210221,,,S,S2,,8005769,Stuttgart-Bad Cannstatt,Baden-Württemberg,Stuttgart,70372,9.217468636,48.80127978,3,,,2512210221,,,,,,,,,,,0.0,0.0
-6636252286453561319-2512210120-14,7183,2512210200,2512210201,1,,S,S1,Kirchheim(Teck)|Kirchheim(Teck)-Ötlingen|Wendlingen(Neckar)|Wernau(Neckar)|Plochingen|Altbach|Esslingen-Zell|Oberesslingen|Esslingen(Neckar)|Esslingen-Mettingen|Stuttgart-Obertürkheim|Stuttgart-Untertürkheim|Stuttgart Neckarpark,8005769,Stuttgart-Bad Cannstatt,Baden-Württemberg,Stuttgart,70372,9.217468636,48.80127978,3,2512210200,,2512210201,,,,,,,,,,,0.0,0.0
7469498861273373978-2512210200-8,7090,2512210219,,3,,S,,Stuttgart-Vaihingen|Stuttgart-Österfeld|Stuttgart Universität|Stuttgart Schwabstr.|Stuttgart Feuersee|Stuttgart Stadtmitte|Stuttgart Hbf (tief),8005769,Stuttgart-Bad Cannstatt,Baden-Württemberg,Stuttgart,70372,9.217468636,48.80127978,3,2512210219,,,,,,,,,,,,,0.0,0.0
1376177746027412619-2512210203-14,7292,2512210239,,2,,S,,Filderstadt|Stuttgart Flughafen/Messe|Echterdingen|Leinfelden|Oberaichen|Stuttgart-Rohr|Stuttgart-Vaihingen|Stuttgart-Österfeld|Stuttgart Universität|Stuttgart Schwabstr.|Stuttgart Feuersee|Stuttgart Stadtmitte|Stuttgart Hbf (tief),8005769,Stuttgart-Bad Cannstatt,Baden-Württemberg,Stuttgart,70372,9.217468636,48.80127978,3,2512210240,,,,,,,,,,,,,1.0,0.0
1519240211959847652-2512210222-6,7584,2512210233,2512210234,2,,S,S5,Stuttgart Schwabstr.|Stuttgart Feuersee|Stuttgart Stadtmitte|Stuttgart Hbf (tief)|Stuttgart Nordbahnhof,8005770,Stuttgart-Feuerbach,Baden-Württemberg,Feuerbach,70469,9.169186287,48.81363554,3,2512210233,,2512210234,,,,,,,,,,,0.0,0.0
1351403289048253889-2512210225-8,7483,2512210246,2512210246,1,,S,S4,Marbach(Neckar)|Benningen(Neckar)|Freiberg(Neckar)|Favoritepark|Ludwigsburg|Kornwestheim Pbf|Stuttgart-Zuffenhausen,8005770,Stuttgart-Feuerbach,Baden-Württemberg,Feuerbach,70469,9.169186287,48.81363554,3,2512210246,,2512210246,,,,,,,,,,,0.0,0.0
-7782036708032698312-2512210207-7,7583,2512210226,2512210226,1,,S,S5,Bietigheim-Bissingen|Tamm(Württ)|Asperg|Ludwigsburg|Kornwestheim Pbf|Stuttgart-Zuffenhausen,8005770,Stuttgart-Feuerbach,Baden-Württemberg,Feuerbach,70469,9.169186287,48.81363554,3,2512210226,,2512210226,,,,,,,,,,,0.0,0.0
888212345087117061-2512210202-6,7480,2512210213,2512210214,2,,S,S4,Stuttgart Schwabstr.|Stuttgart Feuersee|Stuttgart Stadtmitte|Stuttgart Hbf (tief)|Stuttgart Nordbahnhof,8005770,Stuttgart-Feuerbach,Baden-Württemberg,Feuerbach,70469,9.169186287,48.81363554,3,2512210213,,2512210214,,,,,,,,,,,0.0,0.0
-4499153358927255135-2512210212-6,7682,2512210223,2512210224,2,,S,S6,Stuttgart Schwabstr.|Stuttgart Feuersee|Stuttgart Stadtmitte|Stuttgart Hbf (tief)|Stuttgart Nordbahnhof,8005770,Stuttgart-Feuerbach,Baden-Württemberg,Feuerbach,70469,9.169186287,48.81363554,3,2512210223,,2512210224,,,,,,,,,,,0.0,0.0
5609678114939549359-2512210203-12,7683,2512210236,2512210236,1,,S,S6,Weil der Stadt|Malmsheim|Renningen|Rutesheim|Leonberg|Höfingen|Ditzingen|Weilimdorf|Korntal|Neuwirtshaus(Porscheplatz)|Stuttgart-Zuffenhausen,8005770,Stuttgart-Feuerbach,Baden-Württemberg,Feuerbach,70469,9.169186287,48.81363554,3,2512210236,,2512210237,,,,,,,,,,,0.0,1.0
1519240211959847652-2512210222-2,7584,2512210224,2512210224,2,,S,S5,Stuttgart Schwabstr.,8006699,Stuttgart Feuersee,Baden-Württemberg,Stuttgart,70176,9.165850846,48.7726173,3,2512210224,,2512210224,,,,,,,,,,,0.0,0.0
-4685447773966563910-2512210241-4,7093,2512210248,2512210249,1,,S,S3,Stuttgart-Bad Cannstatt|Stuttgart Hbf (tief)|Stuttgart Stadtmitte,8006699,Stuttgart Feuersee,Baden-Württemberg,Stuttgart,70176,9.165850846,48.7726173,3,2512210248,,2512210249,,,,,,,,,,,0.0,0.0
2697439683828861472-2512210216-13,7184,2512210251,2512210252,2,,S,S1,Herrenberg|Nufringen|Gärtringen|Ehningen(b Böblingen)|Hulb|Böblingen|Goldberg(Württ)|Stuttgart-Rohr|Stuttgart-Vaihingen|Stuttgart-Österfeld|Stuttgart Universität|Stuttgart Schwabstr.,8006699,Stuttgart Feuersee,Baden-Württemberg,Stuttgart,70176,9.165850846,48.7726173,3,2512210253,,2512210254,,h,2,Bauarbeiten,,,,,,,2.0,2.0
1351403289048253889-2512210225-12,7483,2512210256,2512210256,1,,S,S4,Marbach(Neckar)|Benningen(Neckar)|Freiberg(Neckar)|Favoritepark|Ludwigsburg|Kornwestheim Pbf|Stuttgart-Zuffenhausen|Stuttgart-Feuerbach|Stuttgart Nordbahnhof|Stuttgart Hbf (tief)|Stuttgart Stadtmitte,8006699,Stuttgart Feuersee,Baden-Württemberg,Stuttgart,70176,9.165850846,48.7726173,3,2512210256,,2512210256,,,,,,,,,,,0.0,0.0
-7782036708032698312-2512210207-11,7583,2512210236,2512210236,1,,S,S5,Bietigheim-Bissingen|Tamm(Württ)|Asperg|Ludwigsburg|Kornwestheim Pbf|Stuttgart-Zuffenhausen|Stuttgart-Feuerbach|Stuttgart Nordbahnhof|Stuttgart Hbf (tief)|Stuttgart Stadtmitte,8006699,Stuttgart Feuersee,Baden-Württemberg,Stuttgart,70176,9.165850846,48.7726173,3,2512210236,,2512210236,,,,,,,,,,,0.0,0.0
6659304255335064233-2512210221-4,7295,2512210228,2512210229,1,,S,S2,Stuttgart-Bad Cannstatt|Stuttgart Hbf (tief)|Stuttgart Stadtmitte,8006699,Stuttgart Feuersee,Baden-Württemberg,Stuttgart,70176,9.165850846,48.7726173,3,2512210229,,2512210230,,,,,,,,,,,1.0,1.0
-6636252286453561319-2512210120-17,7183,2512210208,2512210209,1,,S,S1,Kirchheim(Teck)|Kirchheim(Teck)-Ötlingen|Wendlingen(Neckar)|Wernau(Neckar)|Plochingen|Altbach|Esslingen-Zell|Oberesslingen|Esslingen(Neckar)|Esslingen-Mettingen|Stuttgart-Obertürkheim|Stuttgart-Untertürkheim|Stuttgart Neckarpark|Stuttgart-Bad Cannstatt|Stuttgart Hbf (tief)|Stuttgart Stadtmitte,8006699,Stuttgart Feuersee,Baden-Württemberg,Stuttgart,70176,9.165850846,48.7726173,3,2512210209,,2512210209,,,,,,,,,,,1.0,0.0
888212345087117061-2512210202-2,7480,2512210204,2512210204,2,,S,S4,Stuttgart Schwabstr.,8006699,Stuttgart Feuersee,Baden-Württemberg,Stuttgart,70176,9.165850846,48.7726173,3,2512210204,,2512210204,,,,,,,,,,,0.0,0.0
7469498861273373978-2512210200-5,7090,2512210211,2512210212,2,,S,S3,Stuttgart-Vaihingen|Stuttgart-Österfeld|Stuttgart Universität|Stuttgart Schwabstr.,8006699,Stuttgart Feuersee,Baden-Württemberg,Stuttgart,70176,9.165850846,48.7726173,3,2512210211,,2512210212,,,,,,,,,,,0.0,0.0
-4499153358927255135-2512210212-2,7682,2512210214,2512210214,2,,S,S6,Stuttgart Schwabstr.,8006699,Stuttgart Feuersee,Baden-Württemberg,Stuttgart,70176,9.165850846,48.7726173,3,2512210214,,2512210214,,,,,,,,,,,0.0,0.0
1376177746027412619-2512210203-11,7292,2512210231,2512210232,2,,S,S2,Filderstadt|Stuttgart Flughafen/Messe|Echterdingen|Leinfelden|Oberaichen|Stuttgart-Rohr|Stuttgart-Vaihingen|Stuttgart-Österfeld|Stuttgart Universität|Stuttgart Schwabstr.,8006699,Stuttgart Feuersee,Baden-Württemberg,Stuttgart,70176,9.165850846,48.7726173,3,2512210231,,2512210232,,,,,,,,,,,0.0,0.0
5609678114939549359-2512210203-16,7683,2512210246,2512210246,1,,S,S6,Weil der Stadt|Malmsheim|Renningen|Rutesheim|Leonberg|Höfingen|Ditzingen|Weilimdorf|Korntal|Neuwirtshaus(Porscheplatz)|Stuttgart-Zuffenhausen|Stuttgart-Feuerbach|Stuttgart Nordbahnhof|Stuttgart Hbf (tief)|Stuttgart Stadtmitte,8006699,Stuttgart Feuersee,Baden-Württemberg,Stuttgart,70176,9.165850846,48.7726173,3,2512210246,,2512210246,,,,,,,,,,,0.0,0.0
-8267403812465371348-2512210116-19,7182,2512210207,2512210207,5,,S,S1,Herrenberg|Nufringen|Gärtringen|Ehningen(b Böblingen)|Hulb|Böblingen|Goldberg(Württ)|Stuttgart-Rohr|Stuttgart-Vaihingen|Stuttgart-Österfeld|Stuttgart Universität|Stuttgart Schwabstr.|Stuttgart Feuersee|Stuttgart Stadtmitte|Stuttgart Hbf (tief)|Stuttgart-Bad Cannstatt|Stuttgart Neckarpark|Stuttgart-Untertürkheim,8005772,Stuttgart-Obertürkheim,Baden-Württemberg,Stuttgart,70329,9.268167932,48.76175015,4,2512210208,6,2512210208,6,h,2,Bauarbeiten,,,,,,,1.0,1.0
-75170759467778659-2512210220-11,7185,2512210252,2512210252,5,,S,S1,Kirchheim(Teck)|Kirchheim(Teck)-Ötlingen|Wendlingen(Neckar)|Wernau(Neckar)|Plochingen|Altbach|Esslingen-Zell|Oberesslingen|Esslingen(Neckar)|Esslingen-Mettingen,8005772,Stuttgart-Obertürkheim,Baden-Württemberg,Stuttgart,70329,9.268167932,48.76175015,4,2512210253,,2512210253,,,,,,,,,,,1.0,1.0
2697439683828861472-2512210216-8,7184,2512210237,2512210238,3,,S,S1,Herrenberg|Nufringen|Gärtringen|Ehningen(b Böblingen)|Hulb|Böblingen|Goldberg(Württ),8005773,Stuttgart-Rohr,Baden-Württemberg,Stuttgart,70565,9.108158025,48.71799427,4,2512210239,,2512210240,,h,2,Bauarbeiten,,,,,,,2.0,2.0
6659304255335064233-2512210221-9,7295,2512210241,2512210242,2,,S,S2,Stuttgart-Bad Cannstatt|Stuttgart Hbf (tief)|Stuttgart Stadtmitte|Stuttgart Feuersee|Stuttgart Schwabstr.|Stuttgart Universität|Stuttgart-Österfeld|Stuttgart-Vaihingen,8005773,Stuttgart-Rohr,Baden-Württemberg,Stuttgart,70565,9.108158025,48.71799427,4,2512210241,,2512210242,,,,,,,,,,,0.0,0.0
-6636252286453561319-2512210120-22,7183,2512210221,2512210222,2,,S,S1,Kirchheim(Teck)|Kirchheim(Teck)-Ötlingen|Wendlingen(Neckar)|Wernau(Neckar)|Plochingen|Altbach|Esslingen-Zell|Oberesslingen|Esslingen(Neckar)|Esslingen-Mettingen|Stuttgart-Obertürkheim|Stuttgart-Untertürkheim|Stuttgart Neckarpark|Stuttgart-Bad Cannstatt|Stuttgart Hbf (tief)|Stuttgart Stadtmitte|Stuttgart Feuersee|Stuttgart Schwabstr.|Stuttgart Universität|Stuttgart-Österfeld|Stuttgart-Vaihingen,8005773,Stuttgart-Rohr,Baden-Württemberg,Stuttgart,70565,9.108158025,48.71799427,4,2512210221,,2512210222,,,,,,,,,,,0.0,0.0
1376177746027412619-2512210203-6,7292,2512210217,2512210218,3,,S,S2,Filderstadt|Stuttgart Flughafen/Messe|Echterdingen|Leinfelden|Oberaichen,8005773,Stuttgart-Rohr,Baden-Württemberg,Stuttgart,70565,9.108158025,48.71799427,4,2512210217,,2512210218,,,,,,,,,,,0.0,0.0
1519240211959847652-2512210222-1,7584,,2512210222,,,S,S5,,8006698,Stuttgart Schwabstraße,Baden-Württemberg,Stuttgart,70197,9.156496717,48.77013954,3,,,2512210222,,,,,,,,,,,0.0,0.0
-4685447773966563910-2512210241-5,7093,2512210250,2512210250,1,,S,S3,Stuttgart-Bad Cannstatt|Stuttgart Hbf (tief)|Stuttgart Stadtmitte|Stuttgart Feuersee,8006698,Stuttgart Schwabstraße,Baden-Württemberg,Stuttgart,70197,9.156496717,48.77013954,3,2512210250,,2512210250,,,,,,,,,,,0.0,0.0
2697439683828861472-2512210216-12,7184,2512210250,2512210250,2,,S,S1,Herrenberg|Nufringen|Gärtringen|Ehningen(b Böblingen)|Hulb|Böblingen|Goldberg(Württ)|Stuttgart-Rohr|Stuttgart-Vaihingen|Stuttgart-Österfeld|Stuttgart Universität,8006698,Stuttgart Schwabstraße,Baden-Württemberg,Stuttgart,70197,9.156496717,48.77013954,3,2512210251,,2512210252,,h,2,Bauarbeiten,,,,,,,1.0,2.0
1351403289048253889-2512210225-13,7483,2512210258,,1,,S,,Marbach(Neckar)|Benningen(Neckar)|Freiberg(Neckar)|Favoritepark|Ludwigsburg|Kornwestheim Pbf|Stuttgart-Zuffenhausen|Stuttgart-Feuerbach|Stuttgart Nordbahnhof|Stuttgart Hbf (tief)|Stuttgart Stadtmitte|Stuttgart Feuersee,8006698,Stuttgart Schwabstraße,Baden-Württemberg,Stuttgart,70197,9.156496717,48.77013954,3,2512210258,,,,,,,,,,,,,0.0,0.0
-7782036708032698312-2512210207-12,7583,2512210238,,1,,S,,Bietigheim-Bissingen|Tamm(Württ)|Asperg|Ludwigsburg|Kornwestheim Pbf|Stuttgart-Zuffenhausen|Stuttgart-Feuerbach|Stuttgart Nordbahnhof|Stuttgart Hbf (tief)|Stuttgart Stadtmitte|Stuttgart Feuersee,8006698,Stuttgart Schwabstraße,Baden-Württemberg,Stuttgart,70197,9.156496717,48.77013954,3,2512210238,,,,,,,,,,,,,0.0,0.0
6659304255335064233-2512210221-5,7295,2512210230,2512210230,1,,S,S2,Stuttgart-Bad Cannstatt|Stuttgart Hbf (tief)|Stuttgart Stadtmitte|Stuttgart Feuersee,8006698,Stuttgart Schwabstraße,Baden-Württemberg,Stuttgart,70197,9.156496717,48.77013954,3,2512210231,,2512210232,,,,,,,,,,,1.0,2.0
-6636252286453561319-2512210120-18,7183,2512210210,2512210210,1,,S,S1,Kirchheim(Teck)|Kirchheim(Teck)-Ötlingen|Wendlingen(Neckar)|Wernau(Neckar)|Plochingen|Altbach|Esslingen-Zell|Oberesslingen|Esslingen(Neckar)|Esslingen-Mettingen|Stuttgart-Obertürkheim|Stuttgart-Untertürkheim|Stuttgart Neckarpark|Stuttgart-Bad Cannstatt|Stuttgart Hbf (tief)|Stuttgart Stadtmitte|Stuttgart Feuersee,8006698,Stuttgart Schwabstraße,Baden-Württemberg,Stuttgart,70197,9.156496717,48.77013954,3,2512210210,,2512210211,,,,,,,,,,,0.0,1.0
888212345087117061-2512210202-1,7480,,2512210202,,,S,S4,,8006698,Stuttgart Schwabstraße,Baden-Württemberg,Stuttgart,70197,9.156496717,48.77013954,3,,,2512210202,,,,,,,,,,,0.0,0.0
7469498861273373978-2512210200-4,7090,2512210210,2512210210,2,,S,S3,Stuttgart-Vaihingen|Stuttgart-Österfeld|Stuttgart Universität,8006698,Stuttgart Schwabstraße,Baden-Württemberg,Stuttgart,70197,9.156496717,48.77013954,3,2512210210,,2512210210,,,,,,,,,,,0.0,0.0
-4499153358927255135-2512210212-1,7682,,2512210212,,,S,S6,,8006698,Stuttgart Schwabstraße,Baden-Württemberg,Stuttgart,70197,9.156496717,48.77013954,3,,,2512210212,,,,,,,,,,,0.0,0.0
1376177746027412619-2512210203-10,7292,2512210230,2512210230,2,,S,S2,Filderstadt|Stuttgart Flughafen/Messe|Echterdingen|Leinfelden|Oberaichen|Stuttgart-Rohr|Stuttgart-Vaihingen|Stuttgart-Österfeld|Stuttgart Universität,8006698,Stuttgart Schwabstraße,Baden-Württemberg,Stuttgart,70197,9.156496717,48.77013954,3,2512210230,,2512210230,,,,,,,,,,,0.0,0.0
5609678114939549359-2512210203-17,7683,2512210248,,1,,S,,Weil der Stadt|Malmsheim|Renningen|Rutesheim|Leonberg|Höfingen|Ditzingen|Weilimdorf|Korntal|Neuwirtshaus(Porscheplatz)|Stuttgart-Zuffenhausen|Stuttgart-Feuerbach|Stuttgart Nordbahnhof|Stuttgart Hbf (tief)|Stuttgart Stadtmitte|Stuttgart Feuersee,8006698,Stuttgart Schwabstraße,Baden-Württemberg,Stuttgart,70197,9.156496717,48.77013954,3,2512210248,,,,,,,,,,,,,0.0,0.0
1519240211959847652-2512210222-3,7584,2512210225,2512210226,2,,S,S5,Stuttgart Schwabstr.|Stuttgart Feuersee,8006700,Stuttgart Stadtmitte,Baden-Württemberg,Stuttgart,70173,9.173046906,48.77632953,3,2512210225,,2512210226,,,,,,,,,,,0.0,0.0
-4685447773966563910-2512210241-3,7093,2512210247,2512210247,1,,S,S3,Stuttgart-Bad Cannstatt|Stuttgart Hbf (tief),8006700,Stuttgart Stadtmitte,Baden-Württemberg,Stuttgart,70173,9.173046906,48.77632953,3,2512210247,,2512210247,,,,,,,,,,,0.0,0.0
2697439683828861472-2512210216-14,7184,2512210253,2512210253,2,,S,S1,Herrenberg|Nufringen|Gärtringen|Ehningen(b Böblingen)|Hulb|Böblingen|Goldberg(Württ)|Stuttgart-Rohr|Stuttgart-Vaihingen|Stuttgart-Österfeld|Stuttgart Universität|Stuttgart Schwabstr.|Stuttgart Feuersee,8006700,Stuttgart Stadtmitte,Baden-Württemberg,Stuttgart,70173,9.173046906,48.77632953,3,2512210255,,2512210256,,h,2,Bauarbeiten,,,,,,,2.0,3.0
1351403289048253889-2512210225-11,7483,2512210254,2512210255,1,,S,S4,Marbach(Neckar)|Benningen(Neckar)|Freiberg(Neckar)|Favoritepark|Ludwigsburg|Kornwestheim Pbf|Stuttgart-Zuffenhausen|Stuttgart-Feuerbach|Stuttgart Nordbahnhof|Stuttgart Hbf (tief),8006700,Stuttgart Stadtmitte,Baden-Württemberg,Stuttgart,70173,9.173046906,48.77632953,3,2512210254,,2512210255,,,,,,,,,,,0.0,0.0
-7782036708032698312-2512210207-10,7583,2512210234,2512210235,1,,S,S5,Bietigheim-Bissingen|Tamm(Württ)|Asperg|Ludwigsburg|Kornwestheim Pbf|Stuttgart-Zuffenhausen|Stuttgart-Feuerbach|Stuttgart Nordbahnhof|Stuttgart Hbf (tief),8006700,Stuttgart Stadtmitte,Baden-Württemberg,Stuttgart,70173,9.173046906,48.77632953,3,2512210234,,2512210235,,,,,,,,,,,0.0,0.0
6659304255335064233-2512210221-3,7295,2512210227,2512210227,1,,S,S2,Stuttgart-Bad Cannstatt|Stuttgart Hbf (tief),8006700,Stuttgart Stadtmitte,Baden-Württemberg,Stuttgart,70173,9.173046906,48.77632953,3,2512210227,,2512210228,,,,,,,,,,,0.0,1.0
-6636252286453561319-2512210120-16,7183,2512210207,2512210207,1,,S,S1,Kirchheim(Teck)|Kirchheim(Teck)-Ötlingen|Wendlingen(Neckar)|Wernau(Neckar)|Plochingen|Altbach|Esslingen-Zell|Oberesslingen|Esslingen(Neckar)|Esslingen-Mettingen|Stuttgart-Obertürkheim|Stuttgart-Untertürkheim|Stuttgart Neckarpark|Stuttgart-Bad Cannstatt|Stuttgart Hbf (tief),8006700,Stuttgart Stadtmitte,Baden-Württemberg,Stuttgart,70173,9.173046906,48.77632953,3,2512210207,,2512210208,,,,,,,,,,,0.0,1.0
888212345087117061-2512210202-3,7480,2512210205,2512210206,2,,S,S4,Stuttgart Schwabstr.|Stuttgart Feuersee,8006700,Stuttgart Stadtmitte,Baden-Württemberg,Stuttgart,70173,9.173046906,48.77632953,3,2512210205,,2512210206,,,,,,,,,,,0.0,0.0
7469498861273373978-2512210200-6,7090,2512210213,2512210213,2,,S,S3,Stuttgart-Vaihingen|Stuttgart-Österfeld|Stuttgart Universität|Stuttgart Schwabstr.|Stuttgart Feuersee,8006700,Stuttgart Stadtmitte,Baden-Württemberg,Stuttgart,70173,9.173046906,48.77632953,3,2512210213,,2512210213,,,,,,,,,,,0.0,0.0
-4499153358927255135-2512210212-3,7682,2512210215,2512210216,2,,S,S6,Stuttgart Schwabstr.|Stuttgart Feuersee,8006700,Stuttgart Stadtmitte,Baden-Württemberg,Stuttgart,70173,9.173046906,48.77632953,3,2512210215,,2512210216,,,,,,,,,,,0.0,0.0
1376177746027412619-2512210203-12,7292,2512210233,2512210233,2,,S,S2,Filderstadt|Stuttgart Flughafen/Messe|Echterdingen|Leinfelden|Oberaichen|Stuttgart-Rohr|Stuttgart-Vaihingen|Stuttgart-Österfeld|Stuttgart Universität|Stuttgart Schwabstr.|Stuttgart Feuersee,8006700,Stuttgart Stadtmitte,Baden-Württemberg,Stuttgart,70173,9.173046906,48.77632953,3,2512210233,,2512210233,,,,,,,,,,,0.0,0.0
5609678114939549359-2512210203-15,7683,2512210244,2512210245,1,,S,S6,Weil der Stadt|Malmsheim|Renningen|Rutesheim|Leonberg|Höfingen|Ditzingen|Weilimdorf|Korntal|Neuwirtshaus(Porscheplatz)|Stuttgart-Zuffenhausen|Stuttgart-Feuerbach|Stuttgart Nordbahnhof|Stuttgart Hbf (tief),8006700,Stuttgart Stadtmitte,Baden-Württemberg,Stuttgart,70173,9.173046906,48.77632953,3,2512210244,,2512210245,,,,,,,,,,,0.0,0.0
-8267403812465371348-2512210116-18,7182,2512210204,2512210204,6,,S,S1,Herrenberg|Nufringen|Gärtringen|Ehningen(b Böblingen)|Hulb|Böblingen|Goldberg(Württ)|Stuttgart-Rohr|Stuttgart-Vaihingen|Stuttgart-Österfeld|Stuttgart Universität|Stuttgart Schwabstr.|Stuttgart Feuersee|Stuttgart Stadtmitte|Stuttgart Hbf (tief)|Stuttgart-Bad Cannstatt|Stuttgart Neckarpark,8005775,Stuttgart-Untertürkheim Pbf,Baden-Württemberg,Stuttgart,70327,9.250467074,48.77984679,3,2512210205,,2512210205,,h,2,Bauarbeiten,,,,,,,1.0,1.0
-75170759467778659-2512210220-12,7185,2512210255,2512210255,5,,S,S1,Kirchheim(Teck)|Kirchheim(Teck)-Ötlingen|Wendlingen(Neckar)|Wernau(Neckar)|Plochingen|Altbach|Esslingen-Zell|Oberesslingen|Esslingen(Neckar)|Esslingen-Mettingen|Stuttgart-Obertürkheim,8005775,Stuttgart-Untertürkheim Pbf,Baden-Württemberg,Stuttgart,70327,9.250467074,48.77984679,3,2512210255,,2512210256,,,,,,,,,,,0.0,1.0
-4685447773966563910-2512210241-8,7093,2512210259,,2,,S,,Stuttgart-Bad Cannstatt|Stuttgart Hbf (tief)|Stuttgart Stadtmitte|Stuttgart Feuersee|Stuttgart Schwabstr.|Stuttgart Universität|Stuttgart-Österfeld,8005776,Stuttgart-Vaihingen,Baden-Württemberg,Stuttgart,70563,9.113913368,48.72698116,3,2512210259,,,,,,,,,,,,,0.0,0.0
2697439683828861472-2512210216-9,7184,2512210240,2512210240,3,,S,S1,Herrenberg|Nufringen|Gärtringen|Ehningen(b Böblingen)|Hulb|Böblingen|Goldberg(Württ)|Stuttgart-Rohr,8005776,Stuttgart-Vaihingen,Baden-Württemberg,Stuttgart,70563,9.113913368,48.72698116,3,2512210241,,2512210242,,h,2,Bauarbeiten,,,,,,,1.0,2.0
6659304255335064233-2512210221-8,7295,2512210239,2512210240,2,,S,S2,Stuttgart-Bad Cannstatt|Stuttgart Hbf (tief)|Stuttgart Stadtmitte|Stuttgart Feuersee|Stuttgart Schwabstr.|Stuttgart Universität|Stuttgart-Österfeld,8005776,Stuttgart-Vaihingen,Baden-Württemberg,Stuttgart,70563,9.113913368,48.72698116,3,2512210240,,2512210240,,,,,,,,,,,1.0,0.0
-6636252286453561319-2512210120-21,7183,2512210219,2512210220,1,,S,S1,Kirchheim(Teck)|Kirchheim(Teck)-Ötlingen|Wendlingen(Neckar)|Wernau(Neckar)|Plochingen|Altbach|Esslingen-Zell|Oberesslingen|Esslingen(Neckar)|Esslingen-Mettingen|Stuttgart-Obertürkheim|Stuttgart-Untertürkheim|Stuttgart Neckarpark|Stuttgart-Bad Cannstatt|Stuttgart Hbf (tief)|Stuttgart Stadtmitte|Stuttgart Feuersee|Stuttgart Schwabstr.|Stuttgart Universität|Stuttgart-Österfeld,8005776,Stuttgart-Vaihingen,Baden-Württemberg,Stuttgart,70563,9.113913368,48.72698116,3,2512210219,,2512210220,,,,,,,,,,,0.0,0.0
7469498861273373978-2512210200-1,7090,,2512210200,,,S,S3,,8005776,Stuttgart-Vaihingen,Baden-Württemberg,Stuttgart,70563,9.113913368,48.72698116,3,,,2512210200,,,,,,,,,,,0.0,0.0
1376177746027412619-2512210203-7,7292,2512210220,2512210220,3,,S,S2,Filderstadt|Stuttgart Flughafen/Messe|Echterdingen|Leinfelden|Oberaichen|Stuttgart-Rohr,8005776,Stuttgart-Vaihingen,Baden-Württemberg,Stuttgart,70563,9.113913368,48.72698116,3,2512210220,,2512210220,,,,,,,,,,,0.0,0.0
-4499153358927255135-2512210212-10,7682,2512210233,2512210233,1,,S,S6,Stuttgart Schwabstr.|Stuttgart Feuersee|Stuttgart Stadtmitte|Stuttgart Hbf (tief)|Stuttgart Nordbahnhof|Stuttgart-Feuerbach|Stuttgart-Zuffenhausen|Neuwirtshaus(Porscheplatz)|Korntal,8006268,Stuttgart-Weilimdorf,Baden-Württemberg,Stuttgart,70499,9.094370086,48.82208429,5,2512210233,,2512210233,,,,,,,,,,,0.0,0.0
5609678114939549359-2512210203-8,7683,2512210226,2512210226,2,,S,S6,Weil der Stadt|Malmsheim|Renningen|Rutesheim|Leonberg|Höfingen|Ditzingen,8006268,Stuttgart-Weilimdorf,Baden-Württemberg,Stuttgart,70499,9.094370086,48.82208429,5,2512210226,,2512210227,,,,,,,,,,,0.0,1.0
1519240211959847652-2512210222-7,7584,2512210236,2512210237,4,,S,S5,Stuttgart Schwabstr.|Stuttgart Feuersee|Stuttgart Stadtmitte|Stuttgart Hbf (tief)|Stuttgart Nordbahnhof|Stuttgart-Feuerbach,8005778,Stuttgart-Zuffenhausen,Baden-Württemberg,Stuttgart,70435,9.167156375,48.82960884,3,2512210236,,2512210237,,,,,,,,,,,0.0,0.0
1351403289048253889-2512210225-7,7483,2512210243,2512210244,2,,S,S4,Marbach(Neckar)|Benningen(Neckar)|Freiberg(Neckar)|Favoritepark|Ludwigsburg|Kornwestheim Pbf,8005778,Stuttgart-Zuffenhausen,Baden-Württemberg,Stuttgart,70435,9.167156375,48.82960884,3,2512210243,,2512210244,,,,,,,,,,,0.0,0.0
-7782036708032698312-2512210207-6,7583,2512210223,2512210224,2,,S,S5,Bietigheim-Bissingen|Tamm(Württ)|Asperg|Ludwigsburg|Kornwestheim Pbf,8005778,Stuttgart-Zuffenhausen,Baden-Württemberg,Stuttgart,70435,9.167156375,48.82960884,3,2512210223,,2512210224,,,,,,,,,,,0.0,0.0
888212345087117061-2512210202-7,7480,2512210216,2512210217,4,,S,S4,Stuttgart Schwabstr.|Stuttgart Feuersee|Stuttgart Stadtmitte|Stuttgart Hbf (tief)|Stuttgart Nordbahnhof|Stuttgart-Feuerbach,8005778,Stuttgart-Zuffenhausen,Baden-Württemberg,Stuttgart,70435,9.167156375,48.82960884,3,2512210216,,2512210217,,,,,,,,,,,0.0,0.0
-4499153358927255135-2512210212-7,7682,2512210226,2512210227,11,,S,S6,Stuttgart Schwabstr.|Stuttgart Feuersee|Stuttgart Stadtmitte|Stuttgart Hbf (tief)|Stuttgart Nordbahnhof|Stuttgart-Feuerbach,8005778,Stuttgart-Zuffenhausen,Baden-Württemberg,Stuttgart,70435,9.167156375,48.82960884,3,2512210226,,2512210227,,,,,,,,,,,0.0,0.0
5609678114939549359-2512210203-11,7683,2512210233,2512210234,12,,S,S6,Weil der Stadt|Malmsheim|Renningen|Rutesheim|Leonberg|Höfingen|Ditzingen|Weilimdorf|Korntal|Neuwirtshaus(Porscheplatz),8005778,Stuttgart-Zuffenhausen,Baden-Württemberg,Stuttgart,70435,9.167156375,48.82960884,3,2512210233,,2512210234,,,,,,,,,,,0.0,0.0
1519240211959847652-2512210222-11,7584,2512210249,2512210250,3,,S,S5,Stuttgart Schwabstr.|Stuttgart Feuersee|Stuttgart Stadtmitte|Stuttgart Hbf (tief)|Stuttgart Nordbahnhof|Stuttgart-Feuerbach|Stuttgart-Zuffenhausen|Kornwestheim Pbf|Ludwigsburg|Asperg,8005820,Tamm (Württ),Baden-Württemberg,Tamm,71732,9.125288012,48.92187736,4,2512210249,,2512210250,,,,,,,,,,,0.0,0.0
-7782036708032698312-2512210207-2,7583,2512210210,2512210210,2,,S,S5,Bietigheim-Bissingen,8005820,Tamm (Württ),Baden-Württemberg,Tamm,71732,9.125288012,48.92187736,4,2512210210,,2512210210,,,,,,,,,,,0.0,0.0
-4298679149576043002-2512210148-10,7285,2512210209,,5,,S,,Schorndorf|Weiler(Rems)|Winterbach(b Schorndorf)|Geradstetten|Grunbach|Beutelsbach|Endersbach|Stetten-Beinstein|Rommelshausen,8000180,Waiblingen,Baden-Württemberg,Waiblingen,71332,9.300476874,48.8262444,3,2512210211,6,,,h,1,Bauarbeiten,,,,,,,2.0,0.0
2065810975410014282-2512210250-1,7282,,2512210250,,,S,S2,,8000180,Waiblingen,Baden-Württemberg,Waiblingen,71332,9.300476874,48.8262444,3,,,2512210250,6,h,1,Bauarbeiten,,,,,,,0.0,0.0
-1607524350966311032-2512210227-2,7382,2512210229,2512210230,3,,S,S3,Fellbach,8000180,Waiblingen,Baden-Württemberg,Waiblingen,71332,9.300476874,48.8262444,3,2512210230,,2512210231,,h,1,Bauarbeiten,,,,,,,1.0,1.0
-2211095563162905186-2512210211-7,7383,2512210229,2512210230,1,,S,S3,Backnang|Maubach|Nellmersbach|Winnenden|Schwaikheim|Neustadt-Hohenacker,8000180,Waiblingen,Baden-Württemberg,Waiblingen,71332,9.300476874,48.8262444,3,2512210230,,2512210231,,h,1,Bauarbeiten,,,,,,,1.0,1.0
-4499153358927255135-2512210212-17,7682,2512210257,,1,,S,,Stuttgart Schwabstr.|Stuttgart Feuersee|Stuttgart Stadtmitte|Stuttgart Hbf (tief)|Stuttgart Nordbahnhof|Stuttgart-Feuerbach|Stuttgart-Zuffenhausen|Neuwirtshaus(Porscheplatz)|Korntal|Weilimdorf|Ditzingen|Höfingen|Leonberg|Rutesheim|Renningen|Malmsheim,8006271,Weil der Stadt,Baden-Württemberg,Weil der Stadt,71263,8.873189074,48.7557357,4,2512210257,1,,,,,,,,,,,,0.0,0.0
5609678114939549359-2512210203-1,7683,,2512210203,,,S,S6,,8006271,Weil der Stadt,Baden-Württemberg,Weil der Stadt,71263,8.873189074,48.7557357,4,,,2512210203,,,,,,,,,,,0.0,0.0
7281239230217294309-2512210150-9,7280,2512210207,2512210207,1,,S,S2,Waiblingen|Rommelshausen|Stetten-Beinstein|Endersbach|Beutelsbach|Grunbach|Geradstetten|Winterbach(b Schorndorf),8006277,Weiler (Rems),Baden-Württemberg,Schorndorf,76314,9.501891172,48.80034585,5,2512210207,,2512210207,,h,1,Bauarbeiten,,,,,,,0.0,0.0
-1669766330763761732-2512210248-2,7287,2512210251,2512210251,2,,S,S2,Schorndorf,8006277,Weiler (Rems),Baden-Württemberg,Schorndorf,76314,9.501891172,48.80034585,5,2512210251,,2512210251,,h,1,Bauarbeiten,,,,,,,0.0,0.0
-977433553791721432-2512210111-13,19257,2512210235,2512210236,2,,RE,MEX12,Heilbronn Hbf|Nordheim(Württ)|Lauffen(Neckar)|Kirchheim(Neckar)|Walheim(Württ)|Besigheim|Bietigheim-Bissingen|Ludwigsburg|Stuttgart Hbf|Stuttgart-Bad Cannstatt|Esslingen(Neckar)|Plochingen,8006331,Wendlingen (Neckar),Baden-Württemberg,Wendlingen am Neckar,73240,9.373662098,48.67368917,3,2512210235,,2512210236,,,,,,,,,,,0.0,0.0
-8267403812465371348-2512210116-27,7182,2512210232,2512210233,11,,S,S1,Herrenberg|Nufringen|Gärtringen|Ehningen(b Böblingen)|Hulb|Böblingen|Goldberg(Württ)|Stuttgart-Rohr|Stuttgart-Vaihingen|Stuttgart-Österfeld|Stuttgart Universität|Stuttgart Schwabstr.|Stuttgart Feuersee|Stuttgart Stadtmitte|Stuttgart Hbf (tief)|Stuttgart-Bad Cannstatt|Stuttgart Neckarpark|Stuttgart-Untertürkheim|Stuttgart-Obertürkheim|Esslingen-Mettingen|Esslingen(Neckar)|Oberesslingen|Esslingen-Zell|Altbach|Plochingen|Wernau(Neckar),8006331,Wendlingen (Neckar),Baden-Württemberg,Wendlingen am Neckar,73240,9.373662098,48.67368917,3,2512210232,,2512210233,,h,2,Bauarbeiten,,,,,,,0.0,0.0
-75170759467778659-2512210220-3,7185,2512210227,2512210228,12,,S,S1,Kirchheim(Teck)|Kirchheim(Teck)-Ötlingen,8006331,Wendlingen (Neckar),Baden-Württemberg,Wendlingen am Neckar,73240,9.373662098,48.67368917,3,2512210227,,2512210228,,,,,,,,,,,0.0,0.0
-8267403812465371348-2512210116-26,7182,2512210228,2512210229,2,,S,S1,Herrenberg|Nufringen|Gärtringen|Ehningen(b Böblingen)|Hulb|Böblingen|Goldberg(Württ)|Stuttgart-Rohr|Stuttgart-Vaihingen|Stuttgart-Österfeld|Stuttgart Universität|Stuttgart Schwabstr.|Stuttgart Feuersee|Stuttgart Stadtmitte|Stuttgart Hbf (tief)|Stuttgart-Bad Cannstatt|Stuttgart Neckarpark|Stuttgart-Untertürkheim|Stuttgart-Obertürkheim|Esslingen-Mettingen|Esslingen(Neckar)|Oberesslingen|Esslingen-Zell|Altbach|Plochingen,8006346,Wernau (Neckar),Baden-Württemberg,Wernau (Neckar),73249,9.413654423,48.69417221,4,2512210228,,2512210229,,h,2,Bauarbeiten,,,,,,,0.0,0.0
-75170759467778659-2512210220-4,7185,2512210231,2512210231,1,,S,S1,Kirchheim(Teck)|Kirchheim(Teck)-Ötlingen|Wendlingen(Neckar),8006346,Wernau (Neckar),Baden-Württemberg,Wernau (Neckar),73249,9.413654423,48.69417221,4,2512210231,,2512210231,,,,,,,,,,,0.0,0.0
-1607524350966311032-2512210227-5,7382,2512210239,2512210239,2,,S,S3,Fellbach|Waiblingen|Neustadt-Hohenacker|Schwaikheim,8006479,Winnenden,Baden-Württemberg,Winnenden,71364,9.392155928,48.8795625,3,2512210240,,2512210241,,h,1,Bauarbeiten,,,,,,,1.0,2.0
-2211095563162905186-2512210211-4,7383,2512210219,2512210220,3,,S,S3,Backnang|Maubach|Nellmersbach,8006479,Winnenden,Baden-Württemberg,Winnenden,71364,9.392155928,48.8795625,3,2512210219,,2512210220,,h,1,Bauarbeiten,,,,,,,0.0,0.0
7281239230217294309-2512210150-8,7280,2512210205,2512210205,2,,S,S2,Waiblingen|Rommelshausen|Stetten-Beinstein|Endersbach|Beutelsbach|Grunbach|Geradstetten,8006485,Winterbach (b Schorndorf),Baden-Württemberg,Winterbach,73650,9.481549751,48.79842743,4,2512210205,,2512210205,,h,1,Bauarbeiten,,,,,,,0.0,0.0
-1669766330763761732-2512210248-3,7287,2512210253,2512210253,1,,S,S2,Schorndorf|Weiler(Rems),8006485,Winterbach (b Schorndorf),Baden-Württemberg,Winterbach,73650,9.481549751,48.79842743,4,2512210253,,2512210253,,h,1,Bauarbeiten,,,,,,,0.0,0.0
1154924216963206741-2512210234-5,7083,2512210243,2512210244,1,,S,S60,Böblingen|Sindelfingen|Maichingen|Maichingen Nord,8003807,Magstadt,Baden-Württemberg,Magstadt,71106,8.965315746,48.73616033,6,2512210243,,2512210244,,,,,,,,,,,0.0,0.0
275410206223352690-2512210209-3,7082,2512210215,2512210215,2,,S,S60,Renningen|Renningen Süd,8003807,Magstadt,Baden-Württemberg,Magstadt,71106,8.965315746,48.73616033,6,2512210215,,2512210215,,,,,,,,,,,0.0,0.0
1154924216963206741-2512210234-4,7083,2512210241,2512210241,1,,S,S60,Böblingen|Sindelfingen|Maichingen,8003834,Maichingen Nord,Baden-Württemberg,Sindelfingen,71069,8.979416996,48.72750392,5,2512210241,,2512210242,,,,,,,,,,,0.0,1.0
275410206223352690-2512210209-4,7082,2512210217,2512210217,2,,S,S60,Renningen|Renningen Süd|Magstadt,8003834,Maichingen Nord,Baden-Württemberg,Sindelfingen,71069,8.979416996,48.72750392,5,2512210217,,2512210217,,,,,,,,,,,0.0,0.0
1154924216963206741-2512210234-3,7083,2512210239,2512210240,1,,S,S60,Böblingen|Sindelfingen,8003808,Maichingen,Baden-Württemberg,Sindelfingen,71069,8.969606704,48.72162074,6,2512210239,,2512210240,,,,,,,,,,,0.0,0.0
275410206223352690-2512210209-5,7082,2512210219,2512210219,1,,S,S60,Renningen|Renningen Süd|Magstadt|Maichingen Nord,8003808,Maichingen,Baden-Württemberg,Sindelfingen,71069,8.969606704,48.72162074,6,2512210219,,2512210219,,,,,,,,,,,0.0,0.0
1154924216963206741-2512210234-6,7083,2512210247,2512210248,1,,S,S60,Böblingen|Sindelfingen|Maichingen|Maichingen Nord|Magstadt,8005001,Renningen Süd,Baden-Württemberg,Renningen,71272,8.932068278,48.76261937,6,2512210247,,2512210248,,,,,,,,,,,0.0,0.0
275410206223352690-2512210209-2,7082,2512210211,2512210211,2,,S,S60,Renningen,8005001,Renningen Süd,Baden-Württemberg,Renningen,71272,8.932068278,48.76261937,6,2512210211,,2512210211,,,,,,,,,,,0.0,0.0
1519240211959847652-2512210222-4,7584,2512210227,2512210228,102,,S,S5,Stuttgart Schwabstr.|Stuttgart Feuersee|Stuttgart Stadtmitte,8098096,Stuttgart Hbf (tief),Baden-Württemberg,Stuttgart,70173,9.180228831,48.78338649,1,2512210227,,2512210228,,,,,,,,,,,0.0,0.0
-4685447773966563910-2512210241-2,7093,2512210245,2512210245,101,,S,S3,Stuttgart-Bad Cannstatt,8098096,Stuttgart Hbf (tief),Baden-Württemberg,Stuttgart,70173,9.180228831,48.78338649,1,2512210245,,2512210245,,,,,,,,,,,0.0,0.0
2697439683828861472-2512210216-15,7184,2512210255,2512210255,102,,S,S1,Herrenberg|Nufringen|Gärtringen|Ehningen(b Böblingen)|Hulb|Böblingen|Goldberg(Württ)|Stuttgart-Rohr|Stuttgart-Vaihingen|Stuttgart-Österfeld|Stuttgart Universität|Stuttgart Schwabstr.|Stuttgart Feuersee|Stuttgart Stadtmitte,8098096,Stuttgart Hbf (tief),Baden-Württemberg,Stuttgart,70173,9.180228831,48.78338649,1,2512210257,,2512210258,,h,2,Bauarbeiten,,,,,,,2.0,3.0
1351403289048253889-2512210225-10,7483,2512210252,2512210253,101,,S,S4,Marbach(Neckar)|Benningen(Neckar)|Freiberg(Neckar)|Favoritepark|Ludwigsburg|Kornwestheim Pbf|Stuttgart-Zuffenhausen|Stuttgart-Feuerbach|Stuttgart Nordbahnhof,8098096,Stuttgart Hbf (tief),Baden-Württemberg,Stuttgart,70173,9.180228831,48.78338649,1,2512210252,,2512210253,,,,,,,,,,,0.0,0.0
-7782036708032698312-2512210207-9,7583,2512210232,2512210233,101,,S,S5,Bietigheim-Bissingen|Tamm(Württ)|Asperg|Ludwigsburg|Kornwestheim Pbf|Stuttgart-Zuffenhausen|Stuttgart-Feuerbach|Stuttgart Nordbahnhof,8098096,Stuttgart Hbf (tief),Baden-Württemberg,Stuttgart,70173,9.180228831,48.78338649,1,2512210232,,2512210233,,,,,,,,,,,0.0,0.0
6659304255335064233-2512210221-2,7295,2512210225,2512210225,101,,S,S2,Stuttgart-Bad Cannstatt,8098096,Stuttgart Hbf (tief),Baden-Württemberg,Stuttgart,70173,9.180228831,48.78338649,1,2512210225,,2512210225,,,,,,,,,,,0.0,0.0
-6636252286453561319-2512210120-15,7183,2512210205,2512210205,101,,S,S1,Kirchheim(Teck)|Kirchheim(Teck)-Ötlingen|Wendlingen(Neckar)|Wernau(Neckar)|Plochingen|Altbach|Esslingen-Zell|Oberesslingen|Esslingen(Neckar)|Esslingen-Mettingen|Stuttgart-Obertürkheim|Stuttgart-Untertürkheim|Stuttgart Neckarpark|Stuttgart-Bad Cannstatt,8098096,Stuttgart Hbf (tief),Baden-Württemberg,Stuttgart,70173,9.180228831,48.78338649,1,2512210205,,2512210206,,,,,,,,,,,0.0,1.0
888212345087117061-2512210202-4,7480,2512210207,2512210208,102,,S,S4,Stuttgart Schwabstr.|Stuttgart Feuersee|Stuttgart Stadtmitte,8098096,Stuttgart Hbf (tief),Baden-Württemberg,Stuttgart,70173,9.180228831,48.78338649,1,2512210207,,2512210208,,,,,,,,,,,0.0,0.0
7469498861273373978-2512210200-7,7090,2512210215,2512210215,102,,S,S3,Stuttgart-Vaihingen|Stuttgart-Österfeld|Stuttgart Universität|Stuttgart Schwabstr.|Stuttgart Feuersee|Stuttgart Stadtmitte,8098096,Stuttgart Hbf (tief),Baden-Württemberg,Stuttgart,70173,9.180228831,48.78338649,1,2512210215,,2512210215,,,,,,,,,,,0.0,0.0
-4499153358927255135-2512210212-4,7682,2512210217,2512210218,102,,S,S6,Stuttgart Schwabstr.|Stuttgart Feuersee|Stuttgart Stadtmitte,8098096,Stuttgart Hbf (tief),Baden-Württemberg,Stuttgart,70173,9.180228831,48.78338649,1,2512210217,,2512210218,,,,,,,,,,,0.0,0.0
1376177746027412619-2512210203-13,7292,2512210235,2512210235,102,,S,S2,Filderstadt|Stuttgart Flughafen/Messe|Echterdingen|Leinfelden|Oberaichen|Stuttgart-Rohr|Stuttgart-Vaihingen|Stuttgart-Österfeld|Stuttgart Universität|Stuttgart Schwabstr.|Stuttgart Feuersee|Stuttgart Stadtmitte,8098096,Stuttgart Hbf (tief),Baden-Württemberg,Stuttgart,70173,9.180228831,48.78338649,1,2512210235,,2512210235,,,,,,,,,,,0.0,0.0
5609678114939549359-2512210203-14,7683,2512210242,2512210243,101,,S,S6,Weil der Stadt|Malmsheim|Renningen|Rutesheim|Leonberg|Höfingen|Ditzingen|Weilimdorf|Korntal|Neuwirtshaus(Porscheplatz)|Stuttgart-Zuffenhausen|Stuttgart-Feuerbach|Stuttgart Nordbahnhof,8098096,Stuttgart Hbf (tief),Baden-Württemberg,Stuttgart,70173,9.180228831,48.78338649,1,2512210242,,2512210243,,,,,,,,,,,0.0,0.0
